234 , 32 A Cross , 2nd Main Road , 7th Block , Jayanagar , Bangalore
19 Baxtergate , Whitby , North Yorkshire
276 Ambrose Avenue , Hazel Green , Nevada , NV, 28827
C 5 , Shivpuri , Krishna Nagar , New Delhi
651 Jarvis Street , Hopkinton , West Virginia, 70495
987 Fauntleroy Avenue , Kim , MD, 76714
130 Chung King Av . , Grantsville , WV, 01749
Station Road , Coleshill , Birmingham
4 Glasgow Road , Lockerbie
851 Cedarhurst Circle , Sanborn , WY, 31396
452 Rexford Drive , Ellicottville , Alabama, 48982
260 Byres Road , Glasgow
906 Vendome Street , Shoreacres , WV, 54283
Market Terrace , Strichen , Aberdeenshire
341 Monango Lane , Harris Hill , NY, 75939
97 Canto Drive , Laceyville , Washington, 32469
174 Terra Vista Road , Lake McMurray , Georgia, 29635
31 Margo Avenue , Marmet , KS, 88988
658 114th Rd . , Florence , KY, 04712
417 - 421 St Albans Road , Watford
112 Ham Road , Worthing , West Sussex
31 Scarbrough Avenue , Skegness
53 , 1st Main , 1st Cross Thubarahalli , Behind ICICI Bank , Brookefield , Bangalore
5th Floor , Soul Space Spirit , Bellandur Central Mall , Bellandur , Bangalore
6a Leigh Road , Leigh
771 Crown Dr . , Merritt Park , CO, 14589
The Moonrakers , Nursteed Road , Devizes , Wiltshire
938 10Th Place , Ocilla , New York , NY, 47569
297 Redwood Dr . , Cloverdale , Colorado , CO, 90045
25 Kirkgate , Knaresborough , North Yorkshire
12 Mossfield Road , Farnworth , Bolton
154 Hidalgo Lane , Lincolnville , IN, 68244
61 - B , Ber Sarai , JNU , New Delhi
3 , ALBION PLACE , SUNDERLAND
Minton Street , Hartshill , Stoke - On - Trent
The Huntsman , 3 West Street , Rosemarket , Milford Haven , Pembrokeshire
Rope And Anchor , Paddock Lane , Dunham Massey , Altrincham
482 Kilfinan Street , Sea Breeze , Iowa , IA, 01741
427 Irma St . , Pleasant Dale , Kansas, 13478
284 Ashtead Court , Starr School , FL, 49506
Sector 53 , Noida ,
807 Sea Spray Place , Oak Brook , Mississippi , MS, 40236
Three Cocks , Brecon , Powys
754 Commercial Road , Willis , NE, 52678
78 Kiruna Place , Potsdam , Wisconsin , WI, 18097
1 Trinity Street , Huddersfield
99 Kincardine Road , North Bonneville , ME, 82066
82 Otay Drive , Gleneagle , Indiana , IN, 61457
6424 Canoga Ave . , Woodland Hills , California , 91367
656 Clearpool Place , Talahi Island , Vermont , VT, 82118
Building 1 , RMZ Ecoworld ( SEZ ) Outer Ring Road , Deverabeesanahalli , Bellandur , Bangalore
899 Jean Dr . , Wedgefield , Mississippi, 38581
C Block Market , Sector 41 , Noida
740 Portside Lane , Chattanooga Valley , Mississippi , MS, 28361
199 Cordell St . , Knowlton , Florida, 84555
834 Bancroft Drive , Lanark , Colorado, 92220
22 , HUDA Market , Main Road , Sector 37 , Faridabad
Nallurahalli Borewell Road , Whitefield , Bangalore
Fore Street , Golant , Fowey , Cornwall
135 Sherbourne Drive , Paxtonia , AK, 80386
406 Beaver Dr . , Hull , NH, 01907
127 Dahlia Avenue , Malabar , OK, 39543
541 Grand Road , Cathedral , Pennsylvania, 84440
17 Broad Street , Ilfracombe , Devon
550 Market Street , Crenshaw , MN, 54961
973 Entrada Road , Soldier Creek , New Mexico, 57853
735 Marina Lane , Zuni Pueblo , Minnesota, 86784
2286 / B , 1st Cross , 14th A Main , HAL 2nd Stage , Off 100 Feet Road , Indiranagar , Bangalore
43 The Causeway
Crown Hotel , High Street , Garstang , Preston
269 Gunston Drive , Underwood-Petersville , IL, 31943
St Julians ( H S O B ) R F C Glebelands Stadium Bank Street Newport South Wales
The Fence , Public House , 67 - 69A Cowcross Street , Islington
New Inn , 2 High Street , Great Limber , Grimsby
288 York Hill Place , Genola , NY, 91518
613 Milan Drive , Thousand Oaks , Indiana, 33593
279 Miramar St . , Johnson City , SC, 45695
169 Rousseau Dr . , Highland Lakes , NJ, 37458
718 Etiwanda Street , Keshena , NJ, 60506
137 Manor Park Road , Glossop
351 Sunset Vale Rd . , Haleburg , District of Columbia , DC, 85857
5615 West Villa Maria Drive , Glendale , AZ , 85308
Church Avenue , Sidcup , Kent
Opposite Innovative Multiplex , Oyo Meridian Suits , Marathahalli , Bangalore
91a Friargate , Preston
625 Ellett Place , Liberty , Ohio , OH, 26627
863 Sampson St . , Steinauer , WI, 14623
677 Las Pulgas Road , Perkins , Missouri, 34014
26 Fforchneol Row , Godreaman , Aberdare
Allscott , Telford , Shropshire
674 Santa Lucia Rd . , Novato , Nevada , NV, 52140
453 Inspire Lane , Crowley , Alabama, 66326
266 Amethyst Av . , Liberty Lake , VA, 87880
730 Beverly Court , Nokesville , Nebraska, 20294
Kynaston Road , Panfield , Braintree , Essex
45 , 46 , & 47 , Market 2 , Chittaranjan Park , New Delhi
140 Manzanita Road , Oak Grove , MI, 14710
909 Magnolia Boulevard , Anniston , Nebraska, 39656
427 Hershey Street , Sardis , Rhode Island , RI, 20277
Torridon , Achnasheen
981 Mansell Lane , Pottsville , Virginia, 72508
926 Dona Sofia Av . , Duluth , North Carolina, 03425
43 - 45 Glovers Court , Preston
4 Bedfordbury , London
290 Vanowen Street , Kimberly , Ohio, 46299
991 Oakdell Lane , Port Ludlow , OR, 19879
651 Ryan Court , Yale , New Hampshire , NH, 84839
JB Nagar Main Road , Opposite NAL Gate , Jeevan Bhima Nagar , Bangalore
355 Skyline Av . , Pasco , KY, 24289
116 Duluth Lane , Bolivia , TN, 92371
250 Great Lane , Newton , FL, 60702
501 Frontenac Avenue , Hartley , Washington, 04126
Covingham Square , Covingham , Swindon
White Hart Inn , Bouth , Ulverston
Prince Of Wales Avenue , Flint , Flintshire
80 Feet Road , Eat Street , Opposite Indian Oil Petrol Pump , Koramangala 6th Block , Bangalore
400 Kiel St . , East Millstone , VA, 22100
Shop 1 , DDA Market , Defence Enclave , Preet Vihar , New Delhi
Blackfriars House , 19 New Bridge Street , London
Shop 3 / 103 , Konapanna Agrahara , Phase 1 , Electronic City , Bangalore
550 Midland Street , Leach , Michigan , MI, 15702
494 Sepulveda Dr . , Cameron , ND, 54314
65 - 67 Hall Lane , Chingford
596 Union Avenue , Keedysville , South Dakota, 06020
FB06 , 2nd Floor , VR Bengaluru , Mahadevapura , Whitefield , Bangalore
31 Adams Hill , Clent , Stourbridge , West Midlands
255 Meadow Wood Dr . , Erlands Point-Kitsap Lake , Louisiana , LA, 67915
Building 3 , Local Shopping Complex , Mazjid Moth , Greater Kailash ( GK ) 2 , New Delhi
373 Amar Street , Hague , Kansas , KS, 38000
135 Templehill Troon South Ayrshire
60 , Jyothi Nivas College Road , Koramangala 5th Block , Bangalore
751 Esplanade East , Newnan , Connecticut , CT, 28461
403 Brook Street , Preston
87 , Nehru Road , Kammanahalli , Bangalore
White Hart Inn Finch Street , St Dogmaels , Pembrokeshire
551 Lemona Drive , Castle Pines , CA, 13958
762 Galvez Lane , Steele , ND, 88473
The Paddock , 37 Macdowall Street , Johnstone , Renfrewshire
184 Palm St . , San Cristobal , Nebraska , NE, 60876
488 Young Lane , Oakland , VA, 67318
The Beehive , Wellington Hill West , Henleaze , Bristol
376 Stratmore Place , McIntosh , Montana, 28240
888 Lubao Lane , Knowles , Oregon , OR, 68081
792 16th Helena Street , Lamar , Iowa , IA, 80730
834 Downing Rd . , Sandia Park , MI, 01667
829 Arabic St . , Waymart , Alabama , AL, 99242
2917 Danzig Place , Louisville , KY , 40245
Eardington , Bridgnorth , Shropshire
1463 , Near Sheesh Ganj Gurudwara , Chandni Chowk , New Delhi
RK Beach , Maharani Peta , Vizag Visakhapatnam . , Maharani Peta
North Street , Winterborne Kingston , Blandford Forum
365 Lilli Way , Spring Grove , Utah , UT, 59055
25 - 27 Gordon Road , Aldershot , Hampshire
High Street , Cloughton , Scarborough , North Yorkshire
233 Sutro Avenue , Mount Pleasant , California , CA, 32805
213 Kennedy Irving Park Avenue , Tiltonsville , HI, 56650
LN Complex , Subedarchatram Rd , Dr . Ambedkar Nagar , Yeshwanthpur , Bengaluru
512 Crespi Street , Donovan Estates , West Virginia, 06824
139 Oscar Rd . , Drakes Branch , Indiana , IN, 78387
62 Avenida Bonita , Hendrix , South Dakota, 54941
1 Bowling Green Street , Bellshill , Lanarkshire
874 Archer Av . , Fairfax , South Dakota, 58749
297 Curson Avenue East , Larksville , North Dakota , ND, 42191
Pavilion And Sports Ground , Rookery Lane , Stoke Bruerne , Northamptonshire
999 Wonder View Drive , Monroe , Hawaii , HI, 08593
394 Don Chee Drive , Ranger , Oklahoma, 93258
707 Londonderry Lane , Roswell , Utah, 78912
223 Todd View Court , Hagerstown , Illinois , IL, 72736
32 33 , DEPTFORD ROAD , SUNDERLAND
637 San Ramon Road , Wooster , NE, 26099
22 Commercial Street , Rishton , Blackburn
321 186th St . , South Glens Falls , Georgia , GA, 04400
Shop 1 , D - 1 , Moti Nagar , New Delhi
667 Highgrove Terrace , Anegam , Maine, 38185
520 Daychar Drive , Coventry Lake , Oregon , OR, 12228
777 Colven Road , Orland Hills , North Carolina, 90651
37 Church Lane , Bardsey , Leeds
851 Industrial Street , Horizon City , Nevada , NV, 41196
72 Hayvenhurst Drive , Landen , Kansas , KS, 64381
Slake Terrace , West Cornforth , Ferryhill
214 Loyal Trail , Dutch Island , Missouri, 92124
282 Formosa Fusion Court , Hotchkiss , Missouri , MO, 34641
568 San Marco Drive , Branch , Idaho, 64648
357 Texanio Av . , Lowesville , Arizona, 09219
154 Green Bay Street , Brownlee Park , California , CA, 63794
9 Belmont Street , Aberdeen
465 Amoret Drive , University Park , Utah, 12635
722 Montiflora Avenue , Kings Park West , Louisiana , LA, 23071
402 Plaza Del Dr . , South Tucson , Oregon, 21829
261 East Side Boulevard , Blythe , GA, 78079
Nilgiri Market , Opposite Nilgiri Appartments , Alaknanda , New Delhi
498 Lisburn Lane , Seven Lakes , Arizona , AZ, 86966
421 Bryan Rd . , Salisbury , Florida, 57860
11 Earl Lane , Keota , IN, 20019
406 Burnley Av . , Huey , Arkansas , AR, 42946
Red Lion Hotel , Lady Lane , Earlswood , Solihull , West Midlands
20 Crescio Dr . , Penryn , Montana, 53354
326 Selma Avenue , Baltic , Virginia, 42318
Wimblebury Road , Hednesford , Cannock
266 La Villa St . , Kenefick , WA, 13909
137 Clewer Hill Road , Windsor
336 Trego Dr . , Oak Grove Village , NH, 72956
Hampton Sailing Club Benns Alley , Thames Street , Hampton
160 Stoner Place , Hopkinton , Vermont, 24093
885 Velicata St . , Thornton , Oklahoma , OK, 44675
644 Onyx Drive , Washington Park , MN, 86844
950 Wameda Avenue , Laurium , Iowa, 08985
938 De La Torre Dr . , Hephzibah , NM, 14707
799 Olive Rd . , Crystal Springs , WI, 47516
811 Waterman Avenue , Ogdensburg , West Virginia , WV, 33549
530 Patton Road , Westwood , TN, 28698
444 Harbor Street , Frostproof , Wyoming , WY, 15172
957 Vinevalley Avenue , Cascades , NE, 75970
247 Gardener Avenue , Milton , MN, 55855
3 Brilliant Way , New Galilee , Oregon, 36933
302 General Thaddeus Kosciuszko St . , Ohlman , PA, 26631
131 Dona Lola Place , Bridge City , Wyoming, 98348
242 Gorgonia Street , Gordon , Minnesota , MN, 93298
1 / 1 , LIC Building , Near RV Dental College , 24th Main , 1st Phase , JP Nagar , Bangalore
34 Kenmore Drive , Monticello , MA, 49937
196 Dorado Street , Reidville , GA, 42155
The John Brunt V . C . , 24 Church Road , Paddock Wood , Tonbridge
859 9th Rd . , Industry , Arkansas , AR, 77830
13 / 288 , 14 Block Gurudwra , Geeta Colony , New Delhi
Z Block , Sector 12 , Noida
3rd Floor , MGF Metropolitan Mall , MG Road , Gurgaon
709 Victorine Avenue , Anahuac , Wisconsin, 72502
2 Westbrook End , Newton Longville , Buckinghamshire
605 Dubnoff Road , Owenton , DC, 67988
76 Pleasant Drive , Summerland , Nebraska, 00527
5205 West Thunderbird Road , Glendale , AZ , 85306
344 De Foe Avenue , Hazel Dell , PA, 30995
695 Regal Woods Place , Uvalda , Delaware , DE, 42568
Outer Ring Road , Opposite to JP Morgan , Kodbisanhalli , Marathahalli , Bangalore
178 High Street , Harwich , Essex
The Royal Oak , West Street , Bere Regis , Dorset
682 Jimenez Place , Morrison , PA, 15034
Turville Valley Road , Turville , Buckinghamshire
89 Willens Avenue , Roff , CT, 66454
213 Breakwater Drive , Bingen , CT, 54410
421 138Th Street , Ringgold , FL, 90674
Henley Golf Club , Harpsden , HENLEY - ON - THAMES
Shop 12 , LSC Market , A Block , Preet Vihar , New Delhi
265 Kennedy Kedzie Drive , Stockton , Alabama , AL, 99801
201 Juniper Springs Drive , Mammoth Lakes , CA , 93546
531 Gateview 2 Street , Emmet , NJ, 36246
550 Gainsborough St . , Sprague , New Hampshire, 00702
2708 Riverview Drive , Riva , MD , 21140
659 Latona Avenue , Lincoln Center , Utah , UT, 11452
452 Belfast Drive , Chattanooga , Arkansas, 66069
59 Hemet Place , Piedra Gorda , Connecticut , CT, 88982
59 Darby Av . , Boswell , Texas , TX, 70659
726 , Ground Floor , Drive Modi Hospital Road , Rajajinagar , Bangalore
65 Vimy Street , Lenox , MT, 47797
283 Pinafore Road , Dale , IN, 20974
790 Ebey Canyon Road , Canal Fulton , Rhode Island, 49017
287 Hatton Place , Lawrenceville , WY, 57321
BRAMSHAW CRICKET GROUND , ROGER PENNY WAY , BROOK , LYNDHURST
39 , Opposite IBP Petrol Pump , Jeevan Bhima Nagar , Bangalore
Stroud Road , Brookthorpe , Gloucester , Gloucestershire
Beach Road , Near Gandhi Statue , White Town , Puducherry
6 Oxford Street , London
53 Mill Road , Thankerton , Biggar , Lanarkshire
1904 Baker Court , Panama City , FL , 32401
877 Sunstone Place , Harmon , MA, 74310
The Green Man , 71 Shacklewell Lane , Hackney , London
The Liskeard Tavern , Haviland Road , Liskeard , Cornwall
Lido Mall , Ulsoor , Bangalore
471 Bushwick Street , Loxley , Virginia , VA, 37105
514 Crest Avenue , Startex , District of Columbia , DC, 91105
14 Chapel Lane , Bingley
337 Sheridan Rd . , Lawrenceburg , IA, 31915
886 Marion St . , Oakdale , Alaska , AK, 40343
295 Mcconnell Drive , Grand Marais , WY, 25079
876 Frank Court , Ames Lake , Minnesota, 40620
Ring Of Bells , St James Street , Taunton , Somerset
90 Ablewell Street , Walsall , West Midlands
301 Clydesdale Lane , Beattystown , Pennsylvania, 79125
939 Ibanez Avenue , Clutier , IA, 47875
Community Centre , Mayfield Road , Farnborough , Hampshire
The Sportsman , Applegarth , Northallerton , North Yorkshire
343 Clifton Road , Rugby
20 Market Place , Otley
159 - 161 Kensington , LIVERPOOL , Merseyside
755 Produce Dr . , Waterford , Alaska , AK, 86545
139 Portobello Street , Hull
72 , TSN Arcade , 28th Main Road , Near Karnataka Bank , 9th Block , Jayanagar , Bangalore
B1 / 12 , Near Apeejay School , Malviya Nagar , New Delhi
29 Fink Street , Langston , West Virginia, 16946
718 Victorine Street , Powhatan , KS, 06103
574 Klump Avenue , Burlington , California , CA, 11478
36 , 2nd Cross Road , 7th Block , 8th Phase , JP Nagar , Bangalore
Llantrisant Road , Pen - Y - Coedcae , Pontypridd
214 Great Road , Blue Springs , Pennsylvania, 98800
251 Van Nuys Boulevard , Isanti , Mississippi , MS, 03892
8A & 8B , RMZ Ecoworld , Doddakannelli Road , Adarsh Palm Retreat , Bellandur , Bangalore
16 Madeira Place , Brighton
231 - 233 Promenade , Blackpool
The Queen Victoria , 135 - 139 Victoria Road , Aldershot , Hampshire
British Legion Club , Church Lane , Chessington
79 San Lorenzo Avenue , Canton , CT, 29982
166 Ivan Hill Terrace , Pinon , Kentucky, 59336
605 Wakefield Avenue , Byesville , MI, 96500
264 High Hill Drive , Hot Springs , Virginia, 80239
7 Bakewell Road , Matlock , Derbyshire
Railway Arch 80 , Scoresby Street , London
582 Upland Avenue , Viola , Texas, 81885
422 Chalmers Av . , Columbia , WY, 87622
33 Kagawa Lane , Platteville , UT, 75730
308 Mound View Place , Airport Heights , WA, 46864
770 24Th Street , Lowellville , South Carolina, 05371
588 Isleta Drive , Hallsburg , District of Columbia, 27182
713 Lake Shore Dr Drive , Tekoa , SC, 88675
669 Thompson Lane , Bridgeport , Kentucky, 87754
21 , 1st Floor , Next to Oracle , Kalyani Magnum Technum Park , 7th Phase , JP Nagar , Bangalore
Littleham , Devon
389 Eunice Lane , Tallaboa Alta , NV, 20620
Old Moat House , Nunnery Lane , Luton
963 Bucknell St . , Glenwood , NV, 68140
699 27th Dr . , Powder River , Wyoming, 90085
Little Hallam Hill , Ilkeston
570 Lecouvreur Avenue , Browerville , VA, 66303
Anchor Hotel , Anchor Lane , Ingoldmells Skegness
979 Pontoon Place , Bull Valley , Oregon , OR, 50287
Kings Arms Hotel , 18 Low Street , Haxey , North Lincolnshire
The Bear Inn , Lewes Road , Brighton
193 , Next to Gowri Apartment , RMV 2nd Stage , New BEL Road , Bangalore
Shop 18 , BP Market , Club Road , Shalimar Bagh , New Delhi
889 Canton Way , Marathon , Oklahoma , OK, 86148
112 Doty Av . , Enterprise , Maryland , MD, 50563
Marine Parade , Hythe , Kent
85 Western Road , Romford
920 Oakley Drive , West Salem , Virginia , VA, 43638
437 Vista Superba Drive , San Rafael , NV, 18298
633 Verdugo Crestline Street , Dalton , OK, 31768
Near Vishal Megamart , Civil Lines , Allahabad
556 Stratford Road , Wilson , North Dakota , ND, 95205
935 Vandalia Avenue , Glen Alpine , Maryland, 55162
118 Polwarth Gardens
Varnsdorf Way , Airdrie , Lanarkshire
174 Westmount Avenue , Chanhassen , South Dakota, 10799
Church Street , Goldsborough , North Yorkshire
THE WILLIAM HARDWICKE , 12 HIGH STREET , BOGNOR REGIS
800 La Salle Plaza , Minneapolis , Minnesota , 55402
12 Elland Lane , Elland
440 Dumont Street , Johnsburg , Utah, 19860
Sackville Road , Newcastle upon Tyne
601 Dobkin St . , Boone , AL, 94952
862 Arden Boulevard , Harristown , Minnesota, 95223
760 Sheldon Dr . , Muddy , Arkansas , AR, 36990
160 Brooks Avenue , Oildale , Alabama, 61799
326 Newchurch Road , Stacksteads , Bacup , Lancashire
881 Maury Street , Central Heights-Midland City , VT, 15915
Pipe Gate , Market Drayton , Shropshire
914 Fries Avenue , Running Springs , Minnesota, 44964
622 Lara Street , Goshen , North Carolina , NC, 57982
304 Bannock Av . , Esko , ND, 68772
727 Burnside St . , Madisonville , NM, 82974
Liverpool Road , Widnes , Cheshire
Outram Lane , Kingway Camp , GTB Nagar , New Delhi
J - 7 / 80m , Nehru Market , Rajouri Garden , New Delhi
341 Patterson Place , Elm Grove , KS, 57880
978 Tweed Lane , Prairie Ridge , Maine, 86153
48 Forest Street , Shepshed
858 Austin Lane , Kanosh , VT, 24309
218 Willard Avenue , Robert Lee , Colorado , CO, 77060
St Albans Sub Aqua Club Cottonmill Swimming Pool , Cottonmill Lane , St Albans , Hertfordshire
140 , 6th C Main , 4th Block , Jayanagar , Bangalore
Market Place , Allendale , Northumberland
475 , 1st Cross , KHB Colony , Krishna Temple Road , Koramangala 5th Block , Bangalore
Unit 25 Quadrant Centre , Main Street , Coatbrdige
938 Bowfin Rd . , Roann , NC, 23038
14 Picardy Place , New Town , Edinburgh EH1 3JT
24 , Mahatma Gandhi , Civil Lines , Allahabad
367 Chase Place , Allport , Nevada , NV, 77512
96 Bramble Av . , Blackwells Mills , IL, 64146
652 Wicklow Road , Stouchsburg , Wisconsin, 33888
Ward no . 76 , Gayathri Nagar , Rajajinagar , Bangalore
328 Crestview Lane , Humnoke , ND, 67732
194 Roseglen Avenue , Wilkinsburg , California, 69048
6 Eisenhower Austin Bv Rd . , Belle Meade , Alaska, 13105
641 Don Rodolfo Place , Terre Hill , Mississippi , MS, 10724
1811 1st Street Northwest , Washington , DC , 20001
North Walsham Road , Scottow , Norfolk
514 Linden Avenue , McClusky , NJ, 40636
The Hare And Hounds Ph , 104 Sopwell Lane , St Albans , Hertfordshire
B - 202 , 2nd Floor , DLF South Point Mall , Golf Course Road , Gurgaon
212 , 28th Cross , 2nd Block , Near MES and Basaveshwara College Circle , Basaveshwara Nagar , Bangalore
The Spinney , Smithmoor Crescent , West Bromwich
Golf Club , Clays Lane , Loughton , Essex
929 Carillon Road , Pine Island , NV, 46183
389 Palomar Road , Beaver Dam , Vermont , VT, 56576
Site 20 , 3rd Floor , Neeladri Road , Near Wipro Gate 16 , Electronic City Phase 1 , Electronic City , Bangalore
JMD Megapolis , Sector 48 , Sohna Road , Gurgaon
223 Todd View Court , Sanders , Connecticut, 45442
70 , Mehar Chand Market , Lodhi Colony , New Delhi
870 Venango Avenue , Milan , Delaware , DE, 05419
558 Rialto St . , Fairgrove , District of Columbia, 45559
Bromsgrove Road , Hagley , Worcestershire
Hookagate , Shrewsbury , Shropshire
Main Street , Tatenhill
343 Via Santa Drive , Catron , Arizona, 01352
29 - 33 Winchester Street , Basingstoke , Hampshire
170 TWYFORD ROAD , EASTLEIGH
BH 46 , Block B , Sector 70 , Near Sector 71 , Noida
288 Sanborn Avenue , Wyoming , North Dakota , ND, 07874
533 Lisette Street , Caldwell , NH, 55367
393 Calzadilla Drive , Ila , ND, 75404
433 Mayfield Avenue , Linden , Delaware , DE, 26408
543 Lassen Court , Connell , VA, 40944
514 St Paul St . , Talking Rock , IN, 93144
774 Paso Robles Rd . , Gresham , NV, 55455
68 Terrace 52 , Samak , Connecticut , CT, 62973
Greenaway , Rolleston , Newark On Trent , Nottinghamshire
The Street , Lidgate , Suffolk
Naughton Road Wormit Newport On Tay Fife
781 Denbigh Drive , Gerty , ME, 88518
620 55th Lane , Farmington , Oklahoma, 30521
231 Shawbridge Street , Glasgow
823 Shady Oak Av . , Fresno , Hawaii, 02132
889 Umbria Av . , Rising Sun , North Carolina, 41742
71 / 72 , The Elite , 5th Block , Jyoti Nivas College Road , Koramangala 5th Block , Bangalore
670 Aviation Boulevard , East Bernstadt , Texas, 99586
750 Blanchard St . , Decatur , Kansas, 17781
55 Central Avenue , Aragon , Virginia , VA, 97508
11 High Pavement , Nottingham
161 Angelus Avenue , Springhill , Arkansas , AR, 99978
Unit 2 , Plumyfeather Farm , Summersales Hill , Crowborough
Greenlands Labour Club , 4 Chatburn Road , Preston
769 Coal Canyon Street , Butteville , NV, 70993
405 Glenwood Drive , South Lockport , South Carolina , SC, 87318
Hyper City , Bangalore Bangalore Kundanahalli Gate , Brookefield , Bangalore
626 Killimore Court , West Burlington , OR, 27146
599 Dan Ryan 95th Road , Kildare , KY, 82960
375 / 9 , Opposite DLF Newtown , Besides Corporation Bank , Akshaya Nagar , Bannerghatta Road , Bangalore
95 North Road , Darlington
F - 2 / 1 , Labour Chowk , Krishna Nagar , New Delhi
458 138Th Street , Lake Park , Wyoming , WY, 34516
Basement , 123 Mount Street , London
695 21st Drive , Swan Lake , Georgia, 99015
180 Bedford Road , Rock Ferry , Wirral , Merseyside
671 Latona Road , Siracusaville , Pennsylvania , PA, 76886
626 Moray Avenue , Campo , TN, 70184
908 Mccoppin St . , Renville , ID, 40371
408 Via San Felipe , Cromwell , Indiana, 39383
607 Jeremy Place , Atkins , California, 24209
Brahmaputra Shopping Complex , Sector 29 , Noida
Watermans Arms , 2 The Green , Pembroke , Pembrokeshire
Man Of Gwent Chepstow Road Newport South Wales
892 Stanwin Avenue , Traver , PA, 76558
Addison Road , Toronto , Bishop Auckland
The Shakespeare Hotel , 13 Wellington Street , Barnsley
The Holly Bush Inn , 1 Melbourne Lane , Breedon On The Hill , Derby
795 Sunland Boulevard , Brambleton , New Mexico, 13888
205 Malabar Street , Lehi , Oklahoma, 32892
308 Gorgas St . , Santa Clarita , Maine , ME, 91962
296 Oakwilde Lane , Fish Springs , Louisiana, 83191
335 Sayre Street , Waterbury , AK, 99507
G - 6 , Vardhman Royal Complex , Part 1 , Gujranwala Town , New Delhi
28 , 1st Cross , Maruthi Nagar , Madiwala , BTM , Bangalore
Low Moor Side , Farnley , Leeds
31st Main , Second Stage , BTM , Bangalore
Park House , 32 High Street , Ruislip
21 High Street , Cardigan , Ceredigion
403 Monument Lane , Oak Valley , Missouri , MO, 43502
703 Sunshine Canyon Road , Parksville , Oregon, 76212
734 Carleen Court , Union , GA, 73885
Railway Inn , 27 Glasgow Road , Dennyloanhead
528 Bobstone Drive , Matthews , UT, 02612
917 Alma Lane , Parker City , NJ, 40669
585 W C Fields Rd . , Portola , Rhode Island , RI, 10351
Hotel Southern Star , 40 / 2 , Roof Top , Lavelle Road , Bangalore
409 Tompkins Rd . , James City , Tennessee , TN, 25644
20 Dryburgh Road , Wishaw , Lanarkshire
1233 Paradise Lane , Fayetteville , AR , 72701
116 / 4 A , Uday Kumar Building , SJR Dental College , Munnekolala , Marathahalli , Bangalore
927 Solano Road , Tremont City , Maryland , MD, 83066
The Stile , 3 Harrow Street , Wolverhampton , West Midlands
Bell And Talbot , 2 Salop Street , Bridgnorth , Shropshire
335 , Near Post Office , RT Nagar , Bangalore
1401 Cordova Street , Anchorage , AK , 99501
26 Vernon Road , Scarborough , North Yorkshire
The Liquorice Bush Public House , 8 Market Place , Pontefract
High Street , Hardington Mandeville , Yeovil
Caldwell , Richmond , North Yorkshire
210 Ganymede Road , London , CT, 14152
KINGS ARMS , 42 HIGH STREET , BAGSHOT , SURREY
St Nicholas Arms , 47 London Road , Carlisle
343 42nd Street , Paloma Creek , Oklahoma , OK, 24194
757 Stockton St . , Kingstree , Montana, 09095
Spaze IT Park , Tower C , Sector 49 , Sohna Road , Gurgaon
166 Meadville Drive , Frederick , California, 57221
6 Church Lane , Union Park , WV, 12263
27 High Street , Leigh - On - Sea , Essex
186 Arcana Road , Eastwood , UT, 25625
40 North Parade , Bradford
924 Workman Road , Charlestown , KS, 08957
9903 West 53rd Place , Arvada , CO , 80002
The Royal Alfred , 267 Kingsland Road , London
Regency Close , Widdrington Village , Northumberland
229 Hagley Road , Edgbaston , Birmingham B16 9RP
326 Livia Lane , Graniteville , Nebraska , NE, 88611
262 Stapleton Road , Easton , Bristol
495 Cactus Avenue , Seabrook , IN, 04525
777 Park Hill Drive , West Wendover , Minnesota, 20132
197 Wyoming Avenue , Bluffton , Alaska, 75660
458 Holly Knoll Lane , Fruitland Park , Connecticut, 88671
148 Duxbury Lane , Russia , Tennessee, 94140
609 Fernmont Street , Roseland , Utah, 01089
2 , Narayanpura Cross , Hennur , Bangalore
Baugh Road , Sidcup , Kent
826 Calle Dr . , Cave Creek , CO, 17437
728 Whispering Pines Lane , Tallulah , California, 54177
25 Market Place , Grantham , Lincolnshire
441 Park Manor Street , Shields , Illinois, 76557
Findern Lane , Willington , Derby , Derbyshire
1397 Maryhill Road , Glasgow
Coventry Road , Kingsbury , Tamworth , Staffordshire
918 Pasadero Drive , Hagerstown , MI, 90880
Red Hill , Kiveton Park , Sheffield
2 , 3rd Cross , Cuber Park , Opposite Tata BP Solar , New Town Road , 1st Phase , Electronic City , Bangalore
33 Queen Street , Stotfold , Bedfordshire
361 Valmont Street , Clifton , Rhode Island , RI, 86268
911 Enadia Way , Stoddard , NC, 38981
392 Charmel St . , Claverack-Red Mills , NJ, 53798
9 Molesworth Street , Wadebridge , Cornwall
83 High Street , Woodford , Kettering , Northamptonshire
12 J Road , Chama , ND, 15929
944 Haynes Street , Haviland , Arizona , AZ, 69616
2 - 3 Lynton Parade Turners Hill , Cheshunt , Hertfordshire
95 91st Avenue , Axtell , Massachusetts, 16471
750 Newcomb Drive , Jonestown , MI, 06120
133 Havenhurst Drive , Orchard Lake Village , Michigan , MI, 15769
73 Amelia Avenue , Miami Heights , Hawaii , HI, 04670
191 Haussen Drive , Lane , Oklahoma , OK, 41552
200 Lyon Street , Beattyville , Delaware, 09791
228 51st Street , Escatawpa , IA, 78854
31 , 2nd Cross , 1st Stage , Padmanabh Nagar , Kumaraswamy Layout , Bangalore
490 132nd Drive , Vernon , DC, 72688
4 St Osyths Lane , Oundle , Peterborough , Northamptonshire
777 Alta Mura Dr . , Fife Heights , LA, 12735
138 Wells Lane , White , Nebraska, 52562
441 Vaquero Avenue , Casa de Oro-Mount Helix , Colorado , CO, 10536
905 Round Top Drive , Ursina , TX, 45131
736 Truesdale Avenue , White Mesa , New York, 36063
211 Jared Av . , Arthur , New Jersey, 49304
58 Conway Road , Pontcanna , Cardiff ,
Leather Lane , Great Yeldham , Halstead , Essex
679 Milton Street , Tappen , Louisiana , LA, 34633
42 East Street , Blandford Forum , Dorset
901 Magnet Av . , Cherryvale , Maine, 23042
73 Newman Street , Martindale , Iowa, 75226
671 Verdi Drive , Greenville , Mississippi , MS, 42067
227 West Montgomery Cross Road , Savannah , GA , 31406
8349 West Stella Way , Glendale , AZ , 85305
7 Maxwell Drive , East Kilbride , Glasgow
647 Iredell Avenue , Emmetsburg , FL, 76756
26 Sunshine Av . , Lake Ann , Iowa , IA, 00533
702 51St Street , Cave Junction , Rhode Island, 93832
261 80th Rd . , Steely Hollow , CO, 25464
61 Indiana Court , Biwabik , VT, 43066
204 Jennings Street , East Dailey , Maine, 01590
56 Royal Hill , London
157 Gayle Road , Rushville , Indiana, 97858
Ottery St Mary A F C , Butts Road , Ottery St Mary
904 Talbert Street , Antelope , Pennsylvania, 75131
72 Pasadero Lane , Monticello , Pennsylvania , PA, 66698
Steam Packet Inn , Fore Street , Kingswear
795 Tandang Street , Penryn , Delaware , DE, 35904
16 - 17 Fox Street , Preston
105 Alberta Av . , Sheldon , Alaska, 28622
334 Centre Street , Athena , Georgia , GA, 12280
39 104Th Place , Chester , CT, 82965
295 Hollyhock Place , Augusta , Ohio, 69195
Ground Floor , Neelkanth Palace , Sant Nagar , Near , East of Kailash , New Delhi
199 Meadow Wood Lane , Archdale , WV, 80846
North Terrace , Chatton , Northumberland
721 Clipstone Avenue , University Center , Arkansas , AR, 50689
Best Western Skycity Hotel , 1 , Old Judicial Complex , Sector 15 , Gurgaon
230 Highland Gorge Trail , Avenel , Iowa, 24864
132 North Station Road , Colchester
1 The Street , Rayne , Braintree , Essex
737 Chatsboro Drive , Bellefonte , Kansas , KS, 80506
Red Dragon Centre , Hemingway Road , Atlantic Wharf , Cardiff
921 Hill View Lane , Edgemont , NY, 14030
113 Dempsey Dr . , Logansport , CT, 54110
894 Park Heights Dr . , Stuart , South Dakota, 41996
Fowlers Yard , Back Silver Street , Durham City
Great Park Road , Kimberworth Park , Rotherham , South Yorkshire
1st Floor , Inorbit Mall , EPIP Zone , Whitefield , Bangalore
Cross Keys , Pendre Road , Penrhynside , Llandudno
290 Shade Tree Lane , Monument , UT, 22530
Moneyrow Green , Holyport , Maidenhead
Great Asby , Appleby
929 Park Oak Place , Hersey , Oregon, 25121
3847 1st Ave SE , Cedar Rapids , IA 52402
75 Alhambra Avenue , Scissors , Mississippi, 88142
Angel Inn , 57 - 59 Great Darkgate Street , Aberystwyth , Ceredigion
288 Relax Lane , Cooper , Oregon , OR, 76882
929 Brookdale St . , Bethel Island , South Carolina , SC, 09374
122 Arthur Lane , Oakland , GA, 66543
223 Bromwich Street , Brunswick , Ohio , OH, 67842
32 Hudson Street , Mirage Building , Green Point , Cape Town
Upper Ludstone , Claverley , Wolverhampton , Shropshire
16 Balmoral Drive , Onarga , Ohio, 70548
650 5Th Street , Centerville , NY, 55617
Cross Street , Harlow , Essex
F 20 / 10 Mandir Marg , Near Goyal Book Depot , Krishna Nagar , New Delhi
450 Joels Avenue , St . Helena , Maryland , MD, 42208
Ramesh Nagar , Vimanapura , Bengaluru , Karnataka
136 , Saket , Old Palasia , Indore
390 Lincoln Dr . , Braddock Hills , CT, 16608
418 Park Lane Drive , White Rock , Colorado , CO, 00480
87 Muswell Hill Broadway , Hornsey , London
The Slug And Lettuce , Hanover House , 82 High Street , Brentwood
7791 Egg Harbor Rd . , Egg Harbor , Wisconsin , 54209
Clubhouse , Piddinghoe Avenue , Peacehaven
603 Montiflora Drive , Hudson Falls , DE, 46654
230 Gladstone Av . , Portola Valley , AR, 41345
137 Norwood Road , Southall
875 Gramercy Street , Noxen , UT, 71161
198 Blair Road , Springerton , NC, 11021
42 Mount Street , Hednesford , Cannock
143 Tooting High Street , London
658 Loadstone Lane , Springfield , Nebraska , NE, 88571
550 Temecula Street , Healy , WV, 63739
214 Crosby Lane , New Market , Missouri , MO, 05054
Citrus Hotels , 34 , Cunningham Road , Bangalore
Royal Citadel , Manipal Country Road , Singhsandhra , Electronic City , Bangalore
687 Sardine Street , Mount Gretna , New Jersey , NJ, 73839
115 Crest View Drive , Etowah , Michigan , MI, 48963
Wash Road , Hutton , Brentwood , Essex
420 Duncamp Lane , Stewartville , AK, 02340
993 Delresto Drive , Hammondville , New Mexico, 50414
The Pineapple Public House , 53 Hercules Road , London
18 Market Place , Hinckley , Leicestershire
206 Notteargenta Road , Fort Stockton , Nevada, 87607
941 Walnut Avenue , Painesville , NC, 14743
14 , Commercial Street , Bangalore
550 Franrivers St . , Forest River , Florida , FL, 13596
491 Arabian Way , Grand Junction , CO , 81504
504 Forest Hills Road , Fairfield Harbour , Iowa , IA, 97556
Abercerdin Road , Evanstown , Gilfach Goch , Bridgend County
297 Hobart Av . , Springerton , Arizona, 58433
433 Woodbine Street , Zeeland , CA, 00572
60 Latham Drive , Akron , South Carolina , SC, 01467
671 Stanton Drive , Jamestown , Nevada, 83464
Reed Hotel , Reed Hill , Rochdale , Lancashire
The Eagle Public House , Harling Road , Great Hockham , Norfolk
820 Shelburn Court , New England , LA, 49517
Tiger Tiger Ground And First F , Greyfriars Road , City Centre , Cardiff ,
Market Street , Tunstead , Norfolk
194 Almaden Drive , Trexlertown , Indiana , IN, 19265
80 Main Street , Great Gidding , Cambridgeshire
The Blue Ball , Stevens Cross , Sidford , Sidmouth
4 , Madras Bank Road , Off Lavelle Road , Lavelle Road , Bangalore
526 Columbus Rd . , Carlisle , Virginia , VA, 99818
3rd Floor , Opposite PVR Cinemas , MGF Metropolitan Mall , MG Road , Gurgaon
Lytham Cricket Club , Church Road , Lytham , Lytham St . Annes
747 Moorpark Way , Hollister , Utah , UT, 75111
541 Darcy Dr . , New Castle , Massachusetts , MA, 57229
St James Road , Eccleston Park , St Helens , Merseyside
Penkhull New Road , Penkhull , Stoke - On - Trent
846 Murchison Road , Valley Ford , Wisconsin, 04384
641 Shanley Road , Fannett , Connecticut , CT, 87426
883 Hunnewell Avenue , Rosedale , Nebraska, 21722
31 , Deal Place , Off R . A . De Mel Mawatha , Kollupitiya , Colombo 03
143 , Shankar Road , Rajinder Nagar , New Delhi
391 Morse Drive , Wausaukee , Colorado, 61179
474 West Valley Way , Union Hall , North Carolina , NC, 13403
753 Clavel Av . , Clayton , Vermont , VT, 01862
Stanley Matthews Way , Trentham Lakes , Stoke - On - Trent
141 Ledeen Drive , Mishawaka , Indiana , IN, 68608
120 Mcgroarty Rd . , Reedsport , Minnesota , MN, 15600
Shop 5 , F - 1 / 9 , Lal Quarter , Krishna Nagar , New Delhi
688 Marlboro Street , Sodus Point , NY, 38889
28 Shaw Place , Humboldt , KS, 56392
939 Italy Avenue , Mannington , Arkansas , AR, 22715
602 Rokeby Street , Cedar Rock , West Virginia , WV, 83876
Bulls Head , Lutterworth Road , Blaby , Leicestershire
Shop 3 , Mehar Chand Complex , Wazirabad Market , Sector 56 , Gurgaon
429 Harridge Lane , Concord , Rhode Island, 15770
7 Fairhazel Gardens , London
822 Cervera Rd . , Tushka , Colorado , CO, 53164
93 Benner Place , Iowa Colony , Utah, 33529
61 Lindenhurst Lane , Golden Meadow , VT, 75361
Church Lane , Immingham
3 Abingdon Road , Drayton , Abingdon
Ivy Bush Inn , 5 High Street , Narberth , Pembrokeshire
712 Denvir Dr . , Accomac , Arkansas, 00601
34 Everett St . , Middletown , Wisconsin , WI, 56484
804 Manchester Dr . , Caldwell , NE, 78703
168 Glenoaks Boulevard , Bostwick , HI, 00332
The Royal British Legion Club , Edlington Lane , Edlington , Doncaster
22 Bourtree Place Hawick Scottish Borders
985 Irma Way , White City , Nevada , NV, 35051
119 Belcanto , Urbanna , Kansas, 59013
497 Glenmere Street , Green , IL, 49701
9 Sycamore Road , Matlock , Derbyshire
808 Cook Rd . , Lahoma , Wyoming, 94904
367 Lusk Lane , Sayville , AR, 03123
920 111th Road , Cecilia , Mississippi , MS, 87990
23 Front Street North , Trimdon Village , Trimdon Station
Amoda Valmark Central Excise Layout , Phase 2 , Tejaswini Nagar , Dodda Kamanahalli Area , Bannerghatta Road
Next To Surana College , South End Circle , Basavanagudi , Bangalore
69 Lake Avenue , South Shields , Tyne & Wear
246 North Summit Ridge Rd . , Cynthiana , Pennsylvania, 50548
873 Mankato Avenue , Dorchester , Vermont , VT, 87966
161 Ridgeway , Plymouth
The Old Post House , 21 Market Place , Garstang , Preston
178 Kingswell Avenue , Kutztown , Texas , TX, 48493
Number 122 , Opposite Seethapama , Kalyana Mantapa , Banaswadi , Bangalore
Lock Lane , Thorne , Doncaster
986 Utica Terrace , Stoughton , District of Columbia, 63512
Market Place , Abercarn , Newport
674 Batac Street , Garden City , Oklahoma, 25716
917 Collingwood St . , Bardwell , VA, 64938
359 Rockwood Street , Love Valley , RI, 93879
1 Station Road , Colwyn Bay , Conwy
Mawgan , Helston , Cornwall
278 , 37th A Cross , 2nd Main , 8th Block , Jayanagar , Bangalore
209 Tiara Street , Rogersville , GA, 64905
Lower Ground Floor , DLF South Point Mall , Golf Course Road , Gurgaon
Holy Rosary Parish Centre , Aintree Lane , Aintree , Sefton Council
521 Kennedy Monroe Drive , Falls Church , Oregon, 14140
850 Mississippi Lane , Palmyra , AR, 39756
9 Market Street , Abergele , Conwy
694 Dublin Avenue , Monmouth , Georgia , GA, 22906
419 Reevesbury Drive , Detmold , Wisconsin, 89260
547 Nelrose Avenue , Talladega , Tennessee, 01556
458 Harlesden Court , Valley Head , Maine, 30250
130 Bebington Road , New Ferry , Wirral , Merseyside
628 Avenue Av . , Mammoth , California , CA, 83128
24 Fenkle Street , Alnwick , Northumberland
67 Howell Road , Exeter , Devon
222 Copper Street , Lockney , Connecticut , CT, 06664
25 - 27 Penel Orlieu , Bridgwater
The Cherry Tree , 128 West Street , Oldland Common , South Gloucestershire
876 Rustic St . , Glouster , WA, 87811
46a Friars Street , Hereford
523 Center Street , Alice , TN, 01883
159 Raywood Av . , St . Francisville , Illinois , IL, 86543
451 Asilomar Boulevard , Williamson , Utah , UT, 57895
611 Fort Miley Rd . , Forest City , Connecticut , CT, 90435
685 Exposition Drive , Teton , Idaho , ID, 66661
24 - 26 George Lane , Hither Green , London
Opposite Samsung Building , Sector 62 , Noida
695 Albright Street , Eastlake , New Mexico, 34611
723 Tulsa Street , Hughson , Pennsylvania , PA, 33966
254 Progress Lane , Kennard , Ohio , OH, 55329
H - 14 , 1st Main , 80 Feet Road , KR Garden , Koramangala 8th Block , Bangalore
754 Thames Place , Bishop , Arkansas , AR, 15604
767 Workman Lane , Wilbur , Illinois , IL, 11042
80 High Street , Wickford , Essex
654 Knutsford Road , Warrington
411 Dan Ryan 79th Lane , Catarina , MN, 54241
590 Sunset St . , Sholes , Iowa , IA, 39887
317 Chimineas Dr . , Oyehut , Washington , WA, 00194
17 Market Street , Bridgend , Bridgend County Borough
349 Brettell Lane , Brierley Hill
370 Jones Av . , Weigelstown , NM, 35234
3040 17th Street , Boulder , CO , 80304
790 Middlecoff Lane , Eola , Pennsylvania, 87478
High Street , Shifnal , Shropshire
240 Tamberly Street , Albany , Iowa , IA, 07819
The Queens Hotel , 36 Bridge Street , Bradford
276 Bruce Street , Lakeview Estates , WI, 05171
539 / 49 , 9th Cross , Kanakpura Road , 7th Block , Jayanagar , Bangalore
427 Begonia Avenue , Amesti , Massachusetts , MA, 43006
50 Dellmont Drive , Baker , North Dakota , ND, 94361
High Street , Fletching , East Sussex
417 Papago Trail , Bogata , West Virginia, 90764
44 Bondgate , Otley
2604 13th Street , Savannah , GA , 31408
71 Hamilton Place , Aberdeen
Main Road , Brancaster Staithe , King ' s Lynn
297 Laurelvale Drive , Wilmington , Montana, 46791
228 Amanda Drive , Savannah , MT, 00535
901 Gilman St . , Berkeley , California , 94710
726 Debby Street , Humboldt , Texas, 11867
798 2Nd Anita Drive , Carlton , WY, 93261
Freedom And Firkin , 196 - 198 Tooting High Street , London
South Road , Alnwick , Northumberland
192 Innsdale Drive , Midland , ND, 92403
485 Iris Circle , Bridgehampton , HI, 35405
York Road , Stamford Bridge , York
148 North End Road , London
558 Whitley Drive , Nielsville , Indiana , IN, 02919
295 Carol Av . , North Brentwood , MI, 53584
2107 Elfen Glen , Van Buren , AR , 72956
604 Amherst Av . , Lacona , Washington , WA, 62757
438 Courbet Street , Riverside , New Mexico, 08950
25 Roxbury Lane , Deltana , Ohio , OH, 88377
528 De La Osa Street , Louisville , Washington , WA, 19408
81 - 87 John Bright Street , Birmingham
Behind Batra Cinema , Mukherjee Nagar , New Delhi
837 Yellow Cab Access Dr . , Heppner , Missouri, 28935
764 Universal Place , Parish , Arizona , AZ, 86465
730 Rochdale Road , Royton , Oldham
936 Galveston Drive , Coalton , NM, 84745
959 Windsor Avenue , Rotan , Texas , TX, 19905
497 Gallery Lane , Jamestown , California, 09945
The Barmy Arms , The Embankment , Twickenham
203 Big Tujunga Canyon Road , Barlow , CO, 36146
C - 1 , Shahdara , New Delhi
Sherwood Inn , 548 Mansfield Road , Nottingham
14 Harbour Place Burntisland Fife
929 Birchwood Court , Lake of the Woods , AL, 29263
41 High Street , Steyning , West Sussex
Near Apollo Clinic , Kundalahalli Gate , Thubarahalli , Brookefield , Bangalore
347 Arno Drive , Barron , Rhode Island , RI, 90088
533 Pearl Av . , Mound Valley , TN, 53323
988 Jester Court , Lake View , Washington, 18984
673 Bloomingdale Avenue , Anchor , HI, 35044
332 Breidt St . , Notus , NV, 92927
681 Wrightview Avenue , Osceola Mills , TX, 79623
936 Lindblade Drive , Cushman , Alaska, 33828
Moor Lane , Arkendale , North Yorkshire
876 Altivo Drive , Lenox , Minnesota, 22679
256 Auburn St . , Mango , MA, 52333
734 Vanowen Street , Loyal , Georgia, 49155
359 Elmgrove Street , Algona , West Virginia, 99068
8 Trudy Drive , Enlow , LA, 57833
49 , Agara Circle , Near Hanuman Statue , HSR Layout , HSR , Bangalore
443 Stockbridge Avenue , Brandon , RI, 58551
456 Antelope Avenue , Russia , Georgia, 81957
663 Saddle Court , Hickory , Wyoming, 33581
658 Kentland Avenue , Frizzleburg , NE, 08375
202 Chalon Road , Moffat , PA, 34824
Kadubisanahalli , Outer Ring Road , Sevice Road , Marathahalli , Bangalore
Crosland Road , Grimsby
Suters Yard , 64 High Street , Shoreham - By - Sea , West Sussex
766 Culver Place , Country Club Heights , NV, 92375
380 Youngdale Dr . , Orchard Mesa , Utah , UT, 31295
146 , 6th C Main Road , 1st Block , Jayanagar , Bangalore
Willoughby Road , Kingston Upon Thames
530 13th Avenue , Rocky River , Minnesota, 58526
The New Inn Public House , Salop Street , City Centre , Wolverhampton
Loughton Sports & Social Club , Linceslade Grove , Loughton , Milton Keynes
999 Sunny Cove , West Scio , Kansas, 86502
STUDENT UNION BAR , UNIVERISTY COLLEGE BOGNOR , UPPER BOGNOR ROAD , BOGNOR REGIS
Red Lion 60 High Street Lindfield Haywards Heath West Sussex
88 High Street , Colney Heath , St Albans
417 Holly Drive , Lake Viking , IN, 60016
759 Huntington St . , Valley Springs , Tennessee, 71958
Garg Trade Center , Sector 11 , Rohini , New Delhi
105 Lower Howsell Road , Malvern , Worcestershire
475 Bandera Street , Pemberton , North Dakota, 25517
582 Gilmore Street , Walhalla , Wyoming , WY, 26605
2141 SW First St . , Redmond , Oregon , 97756
Havana , 490 - 492 Fulham Road , London
489 Recreation Road , Mariposa , MA, 58460
Front Street , Cramlington , Northumberland
Cooksons Bridge , Gorsey Lane , Litherland , Merseyside
485 Denivelle Court , Walker Mill , Maryland, 17361
28 , 8th Cross , Vasanth Nagar , Bangalore
Heath Road , LIVERPOOL , Merseyside
M - 39 , 2nd Floor , Outer Circle , Opposite Shankar Market , Connaught Place , New Delhi
Euxton Lane , Euxton , Chorley
308 Vistacrest Avenue , Lake Providence , ID, 85740
989 Independence Avenue , Bangor , Louisiana, 98655
527 Colony Circle , Barnett , Montana , MT, 55474
172 Duncombe Rd . , Wellford , South Dakota, 46296
Near Ambedkar Studium , Basaveshwar Nagar , Bengalore
The Riverside Club , 18 Ducks Hill Road , Northwood
440 Bryant Drive , Rural Valley , MS, 31739
979 Ainsworth Road , Social Circle , Kentucky, 18001
Tap House , 8 Redwell Street , Norwich
582 Rustic Drive , Canton , HI, 94194
382 Montuso Lane , Lombard , Texas , TX, 32770
178 61st Av . , Roscoe , NE, 32006
4th Floor , Dona Planet Mall , G . S . Road , Christian Basti , Guwahati
467 Moore Street , Hackberry , Georgia, 36314
Beereshwara Shopping Complex , Raghavendra Circle , Horamavu Road , Rammurthy Nagar , Bangalore
74 80th St . , Tipton , DC, 64575
Carne Arms , Llysworney , Cowbridge
Green Man , Wroxham Road , Rackheath
297 Kennedy Washington Bl Drive , Hampton , Montana, 08537
602 Jovita Avenue , Gladbrook , Massachusetts , MA, 48388
279 , Shop 3 , 8th Main Road , BEML Layout , 6th Stage , Brookefield , Bangalore
Garstang Road , Preston
805 Welk Avenue , Foot of Ten , Florida, 58814
34 , Nagarabhavi Main Road , 2nd Block , Govindaraja Nagar Ward , Maruthi Nagar , Whitefield , Bangalore
370 Charter Oak Lane , Farmington , SC, 39836
477 93rd Dr . , Belmont , MA, 69999
East Ord , Northumberland
G2 - 32 , Inorbit Mall , EPIP Area
28 Croesus Avenue , Evergreen , Idaho , ID, 62045
427 Jupiter Lane , Shady Spring , Connecticut, 37050
923 Auburn Street , Piper City , Missouri, 50982
Wood Lane , Church Warsop , Nottinghamshire
871 I55 Kedzie St . , Springfield , Virginia, 02036
975 Pryor Dr . , Baldwyn , WI, 86025
844 Thomas Street , Starr School , CO, 75978
246 Ostronic Drive , Glen Allen , New York , NY, 74301
476 Okean Place , Holly Hill , New York , NY, 49667
Prince Regent Street , Stockton - On - Tees
960 Avenue Dr . , Centralhatchee , AR, 35083
216 Crater Lane , Interlaken , Vermont, 87365
Florida , FL
892 Grundy Way , Ovilla , South Dakota, 00187
96 Desplaines Dr . , Tamarack , Illinois , IL, 38731
294 227th Lane , Ranchettes , South Dakota, 87680
930 Tikita Place , Trenton , Iowa , IA, 06283
673 Highland View Place , Glasco , Wisconsin, 27091
125 Mandarin Court , Fairless Hills , Kansas , KS, 76916
206 , 7th Cross Road , Teacher ' s Colony , Sector 5 , HSR , Bangalore
778 Lucky Dr . , Oakland Acres , District of Columbia , DC, 03796
Maidstone Road , Paddock Wood , Tonbridge , Kent
946 78Th Street , Tipton , MA, 67499
737 Ellenda Avenue , Northville , FL, 45863
330 Cabrillo Avenue , Peach Orchard , Montana , MT, 35902
126 Wycliff Drive , Orrick , OK, 31219
233 Genesee Road , Lyncourt , Hawaii , HI, 13659
72 Salmon Road , Alameda , CA , 94502
562 Ainslie St . , Ronda , Michigan , MI, 85889
355 Crystal Glen Way , Kadoka , Tennessee, 74583
422 Hepburn Avenue , Mazie , Iowa , IA, 93517
221 Valley Glow Drive , Parcelas Nuevas , Missouri, 67646
833 Terrace Lane , Eighty Four , OK, 50017
The Cambridge Brew House , 1 King Street , Cambridge , Cambridgeshire
580 N . Nimitz Highway , Honolulu , HI , Honolulu , Hawaii , 96817
928 Melvil Street , Hailesboro , Alaska, 64915
722 / 1 , Srinivasa Building , 5th Cross , OMBR Layout , Banaswadi , Bangalore
810 , 2nd Floor , 10th Cross , Neeladri Nagar , Opposite Ajmera Avenue , Above Merlin Beauty Parlour , Electronic City , Bangalore
188 N . Hemlock , Cannon Beach , Oregon , 97110
820 Farralone Avenue , Holt , New Mexico , NM, 39433
205 Goldhawk Road , London
620 Stoneybrook Road , Cresson , Kansas , KS, 96835
97 Olive Place , Jefferson , Maryland, 61222
21 Longview Bluff Drive East , Savannah , GA , 31419
313 Adolfo Street , Bay , Missouri , MO, 96830
814 East 10th Court , Panama City , FL , 32401
Chapel Street , Abercanaid , Merthyr Tydfil
136 Abernathy Drive , Phillips , Wisconsin , WI, 47700
402 58Th Street , Kapolei , South Dakota , SD, 66976
Rose And Crown , The Quay , Wivenhoe , Colchester
240 - 242 Manchester Road , Pendlebury
135 Don Alberto Rd . , New Iberia , Massachusetts , MA, 76383
156 63Rd Street , Clark Fork , Oregon , OR, 41876
Shop J - 11 / 11 , Sanjay Market , Opposite Nimri Colony , Ashok Vihar Phase 4 , Near Ashok Vihar Phase 1 , New Delhi
16 , 1st & 2nd Floor , Opposite Sri Venkateshwara College , Satyaniketan , New Delhi
C - 25 , Commercial Complex , Near Moolchand Flyover , Defence Colony , New Delhi
25 - 27 Hunts Hill , Glemsford , SUDBURY , Suffolk
Opposite Hamilton Court , Galleria Road , DLF Phase 4 , Gurgaon
Sudarshan Road , Gautam Nagar , Hauz Khas , New Delhi
Shepherds Arms , 38 Eaves Lane , Chorley
341 Harlene Drive , East Berlin , FL, 36592
559 Tannerbridge Road , Valle Vista , MS, 14267
69 Leigh Road , Leigh - On - Sea , Essex
Glensburgh Road , Grangemouth
13 Mason ' s Green , Halifax
282 Whitegate Dr . , Woodside , CT, 40588
177 Willow Spring Drive , Lawrence , New Hampshire, 41401
Crescent Road , Felixstowe , Suffolk
309 Everett Road , Lake Camelot , Oregon, 98622
800 Wheatland Place , Ogden , MS, 13008
668 Don Ortega Place , New London , MS, 53933
64 Clapham High Street , London
G - 45 , Agarwal Cyber Plaza , Netaji Subhash Place , New Delhi
742 Donna , Tehachapi , California , CA, 01860
41 School Road , Watlington , King ' s Lynn
Spread Eagle Hotel , 12 Market Street , Penistone
917 Percival Road , Reddick , Maryland , MD, 91655
269 New England Av . , Mine La Motte , LA, 37038
227 Glassport Avenue , Robesonia , Montana, 26061
956 Thelma Avenue , Clay City , Nebraska, 44351
125 Caswell Avenue , Evanston , NH, 65980
Main Street , South Hiendley , Barnsley
Sector 27 , Noida
80 High Street , Phoenix , KY, 16184
242 Rod Avenue , Yaurel , AK, 67737
589 Sanford Street , Dublin , New Hampshire , NH, 87870
26 Lingfield Road , Wimbledon , London
Ye Olde Smokey House , Vicarage Road , Marldon
925 Bilmoor Court , Greenup , Montana, 63050
719 Dunlo Place , North Springfield , New Mexico , NM, 30796
361 Daisy Place , Brooks , GA, 56016
17 / 9 , 18th Cross , Sector 3 , HSR , Bangalore
778 Valley Oak Drive , Roseville , HI, 28752
Unit A , 9 Caledonia Street , Paisley , Renfrewshire
555 Yates Street , Culpeper , Iowa , IA, 81124
Coalville Labour Club & Institute L , College Close , Coalville , Leicestershire
91 Wool Drive , Clarksdale , District of Columbia, 95068
438 Kentucky Road , Angola , NC, 97600
230 Hartland Lane , River Park , NV, 05248
384 Lashburn Road , Laurel Lake , South Carolina, 84836
982 Aida Place , Windsor , North Dakota , ND, 53531
477 Lita Dr . , Scotia , WY, 22606
332 Atwood Street , Shoal Creek Drive , Kansas, 89159
66 Glamis Road , Kirriemuir
306 Seabury St . , Delhi , MI, 62156
323 Pembridge Court , Mesa , Wisconsin, 30718
1065 B , 5th Cross , Vijaya Bank Layout , Bilekahalli , Bannerghatta Road , Bangalore
3 Murray Street , Perth
856 13th Street , Irondale , AK, 26838
Stanford Dingley , Reading , Berkshire
457 Dan Ryan 71st Av . , Vernon , Virginia , VA, 94418
378 Farmouth Drive , Greenbush , New Jersey, 81877
Goffs Lane , Goffs Oak , Hertfordshire
394 New Dock Lane , Norcross , HI, 98315
Stalisfield Road , Charing , Kent
Basement Retail Unit , 25 - 26 Lime Street , London
151 Cronus Av . , Old River-Winfree , Nevada, 36992
434 Maxwellton Road , Meservey , Delaware, 71074
2 Alfreton Road , Westhouses , Alfreton
409 Viviana Drive , Pleasant Run , South Carolina , SC, 24077
425 El Hito Av . , Gas City , SC, 49334
185 Yeager Place , Butler , Oregon, 46637
75 , Play X Arena , Kasavanahalli , Sarjapur Road , Bangalore
422 Power Street , Newfield , Oregon , OR, 75480
794 City Road , Sheffield
269 Sumner Dr . , Longview , Oklahoma, 02545
4132 Northwest 57th Street , Oklahoma City , OK , 73112
3 , 2nd Floor , Crown Interiorz Mall , Near Toll Bridge , Sector 35 , Faridabad
Bell Inn , High Street , Winterbourne Stoke , Salisbury
95 King Street , Glasgow
62 San Diego Road , Gosport
Queens Head , Station Road , North Kelsey Moor , Market Rasen
2nd Floor , Eternity Mall , Amravati Road , Sitabuldi , Nagpur
420 Sevillana Way , Center Point , South Carolina , SC, 95948
220 Burke Drive , Glasgow , NM, 43869
52 Brownstone Street , Hamburg , Wyoming , WY, 78774
Anderton Street , Ince , Wigan
362 Van Noord Road , New Albany , Vermont , VT, 08816
653 62nd Av . , Carlsborg , Virginia, 58075
716 Plymouth Road , Howell , NH, 07002
382 Supreme Court , Benson , Nebraska, 67134
98 Celes Street , Cayce , Wisconsin , WI, 97403
635 18th Lane , Ramseur , New Mexico , NM, 19050
Hales Hall , Pinfold Lane , Hales , Newcastle Under Lyme , Stafford
649 Doble Avenue , Poquoson , Nebraska , NE, 81448
12460 West Solano Drive , Litchfield Park , AZ , 85340
206 High Street , Gosforth , Newcastle upon Tyne
Basement To Ground Floor , 8 , Holyrood Street , London
54 Miller Lane , Bowie , ND, 99883
Bowling Green Inn , 175 Lee Lane , Horwich , Bolton
Bromley Football Club , Hayes Lane , Hayes , Bromley
280 Frey Avenue , Wayland , Texas , TX, 49052
390 Princeton Street , Cincinnati , Delaware , DE, 47145
38 Alpine Street , Highland , Idaho, 19629
843 Bradwell Road , Mineral , New Mexico, 84857
418 112th Dr . , West Haverstraw , South Dakota , SD, 31059
Swansea Road , Gorseinon
Shop 3 , Near Vita Booth , Huda Market , Sector 45 , Gurgaon
27 , Near to Airtel Office , 1st Stage , 2nd Main , 7th Cross , Indiranagar , Bangalore
High Street , Ixworth , Suffolk
182 Marr Road , Green Camp , California , CA, 20261
219 Brightwater St . , Farmington , CT, 86267
854 Concord Street , Lucky , Arkansas , AR, 22225
572 Calle Del Estribo , Plummer , NJ, 57424
Carrick Knowe Parkway
80 , Boss Square , Ground Floor , 1st Cross , 2nd Main , Vysya Bank Colony , 2nd Stage , BTM , Bangalore
George Street , Hintlesham , IPSWICH , Suffolk
Gala Clubs Bingo , Ainsworth Street , Blackburn
Archer Street , Darlington
The Kings Arms , 22 Silver Street , Whitwick , Coalville
902 Foothill Drive , Forestdale , Wisconsin , WI, 32008
613 Beverly View Road , Riviera Beach , New Hampshire, 41765
Market Hall , Stryd Y Plas , Caernarfon , Gwynedd
50 Blaby Road , Wigston , Leicestershire
593 Lambert Av . , Hopkinsville , Rhode Island , RI, 92491
Sole And Heel , Salhouse Road , Rackheath
596 Elliott Av . , Tarrant , Pennsylvania , PA, 24840
931 Amond Lane , Port Orange , Utah , UT, 58646
721 Brookfield Avenue , Hartstown , New Mexico , NM, 56764
544 Burr Street , Salem , Nevada, 89568
239 Mcgroarty Lane , Hollister , DC, 88283
852 Lindacrest Drive , Dolores , Illinois, 87804
419 World Way , Doddsville , Louisiana, 71112
381 Monte Placentia Way , Inkom , NV, 35102
92 Lucia Street , Westwood , Tennessee , TN, 14938
665 - 667 Wilmslow Road , Manchester
4 High Street , Harpenden , Hertfordshire
704 Seabluff Drive , Lake Mary Ronan , Mississippi , MS, 08186
844 Desplaines Rd . , Weigelstown , Michigan , MI, 54203
12 Bankbottom , Hadfield , Glossop
972 Mound View Place , Woodway , MS, 38833
Gossops Parade , Gossops Green , Crawley , West Sussex
2 High Street , Flamstead , St Albans
39 , Coles Road , Cleveland Town , Pulikeshi Nagar , Bangalore
177 Faringdon Road , Swindon
35a Maylands Avenue , Hornchurch
Shop 1 / 191 , Neelkanth Palace , Sant Nagar , East of Kailash , New Delhi
21 , New Thippasandra Main Road , Opposite Post Office , Thippasandra , Bangalore
38 Carisbrooke Road , LIVERPOOL , Merseyside
LONDON ROAD , CAMBERLEY , SURREY
93 2nd Avenue , South Charleston , MT, 73888
343 Wesley Avenue , Muddy , Georgia, 85538
906 Deon Place , Palisade , Alabama , AL, 04004
946 Ford Dr . , Candor , Illinois , IL, 08779
Tavern Lodge , 383 Long Lane , London
228 Abbey Road , Barrow - In - Furness , Cumbria
598 , 1st floor , 1st Cross , 1st A Main Road , Domlur Layout , Domlur , Bangalore
Gresham Drive , Newdale , Telford , Shropshire
Spindlewood Country Holiday Park , Rock Lane , Hastings , East Sussex
Main Road , Aust , South Gloucestershire
High Easter Road , Barnston , Dunmow , Essex
633 Courtney Terrace , Heeney , New Mexico, 52307
407 Vista View Dr . , Plandome Heights , Rhode Island, 19207
6817 Brentwood Street , Arvada , CO , 80004
Durham Lane , Eaglescliffe
11 Hunter Street , Butetown , Cardiff ,
898 Pepper Tree Way , Rathbun , VA, 56370
315 Martson Lane , Walla Walla East , Delaware, 77660
268 Greendale Drive , Girdletree , Virginia , VA, 99059
9740 Rhythm Road , Midwest City , OK , 73130
865 Lomita Lane , St . David , Maryland , MD, 21090
24 Broadway , Jaywick , Essex
Unit 27 The George Shopping Centre , High Street , Grantham , Lincolnshire
297 Jerome Street , Ocean Shores , Louisiana, 21844
2 Overton Street , Decatur , New Hampshire, 59225
924 Catalonia Street , Loch Lynn Heights , Maryland , MD, 89480
391 Encino Hills Rd . , Charco , Kentucky, 51130
32 Stone Street , Llandovery , Carmarthenshire
746 Layton Street , La Puerta , Iowa , IA, 18016
Shotley Marina , Shotley , IPSWICH , Suffolk
437 York Av . , Manchester , Nevada, 68523
334 22Nd Place , Laketown , Nevada, 96815
1 Ely Court , London
880 Roosevelt Rd . , Hugo , KS, 88090
Commercial Road Uffculme Cullompton Devon
737 Sunset Ridge Road , Deer Park , ND, 79019
490 Pescadores Avenue , Verndale , Arizona , AZ, 31662
35 / 29 , 11th Main 5th block JP Nagar , Bangalore
T - 319 , Level 3 , Ambience Mall , Vasant Kunj , New Delhi
252 Manteca Street , Bloomfield , Virginia , VA, 70891
69 Hudson Avenue , Payson , WY, 77424
255 Deveron Ridge Street , Pittman , Nevada, 42023
135 Lytham Road , Freckleton
272 I57 Ford 119th St . , Escalante , Arizona, 04931
769 Mountain Crest Lane , Broadland , AK, 37197
209 Beverly Park Lane , Lake of the Woods , California , CA, 82709
Waterlooville Golf Club , Cherry Tree Avenue , Waterlooville
900 Orizaba Road , Reynolds , PA, 13548
113 Walton Street , LONDON , SW3 2HP
1 Corralitas Walk , Hegins , Kentucky, 50052
535 Marjan Road , De Smet , Massachusetts , MA, 27306
780 Benson Avenue , Maysville , LA, 94913
Carpenters Arms Inn , Witham Street , Boston
Church Street Kingseat Dunfermline Fife
178 Allesandro Road , Welling , Maryland , MD, 71170
127 Sidney Drive , Melbourne , TX, 71978
412 , 9th Main , 1st Block HRBR Layout , Kalyan Nagar , Bangalore
4 Newtoft Street
376 Montiflora Avenue , Bettles , NE, 24575
668 Whitaker Avenue , Corsica , District of Columbia , DC, 55862
93 Flournoy Dr . , Wallingford Center , New Jersey , NJ, 75776
40 Market Street , Oakengates , Telford , Shropshire
294 Marengo Street , Windy Hills , DE, 87493
38 Francisco Avenue , Grenada , Montana, 77475
271 Mars Lane , Villanueva , WA, 49958
271 / 2A , 1st Main , Basavanagar , Marathahalli , Bangalore
362 Alomar Drive , Elmer City , NM, 73085
153 Chippewa Avenue , Padre Ranchitos , OH, 39223
155 Douglas Place , Montrose , DC, 40346
10 Guildhall Lane , Leicester
1224 , 17th Main , 8th Cross , BTM 1st Stage
877 Deck Street , New Berlinville , North Dakota , ND, 30359
301 Romulo Avenue , Tumbling Shoals , IA, 73627
264 Ashton Road , Oldham , Oldham
401 Acresite Street , Hardin , NC, 78754
Blackbird Inn , Alyth , Blairgowrie
17 Pyrites Street , Ravensworth , Idaho , ID, 80085
998 Via Rd . , Pion Hills , KY, 92214
787 Norumbega Court , Mountain Brook , Maine, 45679
700 Revels Drive , Nashville , TN , 37207
SCO 17 , Near Huda Office , Sector 14 , Gurgaon
18 Christine Street , Cold Springs , MA, 64046
257 Deerhorn Drive , Morse Bluff , WA, 30781
Cossham Street , Mangotsfield , South Gloucestershire
176 Cedar Drive , Nederland , Nevada , NV, 81469
900 Hostetter Street , Pine Bluffs , Oregon , OR, 98682
689 La Paz Drive , Valley Falls , Missouri , MO, 11595
679 Lassen Court , Crows Nest , New York, 55819
Shop 5 - A , Ground Floor , Wave Silver Tower , Sector 18 , Noida
775 Gellhorn Dr . , Houston , Texas , 77029
723 Seaview Trail , Lawson , CA, 67804
Main Road , Icklesham , East Sussex
203 Paseo Malaguena , Johnstown , Wyoming, 65128
82 Roys Road , Sunderland , VT , 05250
701 Arthington Lane , Littlestown , Idaho , ID, 50546
The Sunbeam , 11 Victoria Square , Wolverhampton , West Midlands
505 Aquavista St . , Azusa , OH, 55109
210 Woodhouse Lane , Wigan
18 Payne Avenue , Hove
Shop 4 , 265 Main Road , Hakikat Nagar , Mukherjee Nagar , New Delhi
908 Howard Lane , Ware Shoals , Massachusetts, 40305
8 Arlee Place , Wetmore , WV, 52015
565 Ramona Court , Inglewood , WI, 01205
303 Sawyer Drive , Wiscon , Delaware, 90547
610 Farmdale Avenue , Optima , Tennessee, 15391
Bellona Drive , Stanground , Peterborough
774 Kings Court , Bay City , Rhode Island, 04853
47 Tonbridge Street , London
Denhurst Road , Littleborough , Lancashire
Boldon Ale House , North Road , Boldon Colliery , Tyne & Wear
Harry Cook , 23 Montpellier Walk , Cheltenham , Gloucestershire
58 Salt Lake Place , Highland Park , Alaska, 66711
442 Waring Avenue , Heritage Pines , Texas , TX, 45068
119 Diamond Way , West Line , NM, 37361
58 , 1st & 2nd Floor , Khan Market , New Delhi
Vaughan Street , Llandudno
Nip Inn , 9 Houstoun Square , Johnstone , Renfrewshire
Travellers Call , 26 Wakefield Road , Stalybridge , Tameside
861 Countess Place , Hancock , New Mexico, 76273
154 Bevon Place , Bobtown , South Carolina , SC, 24765
477 Fortuna Court , McCool , Nebraska, 29978
Sarakki Gate Metro Pillar 58 , Kankpura Main Functional Road , JP Nagar , Bangalore
5 , 8th Cross , Raja Rama Mohan Roy Road , S . R Nagar , Richmond Road , Bangalore
616 Kennedy Sacramento Road , Wytheville , VA, 09722
16 / 113 , 3rd Floor , Z Square Mall , MG Marg , Mall Road , Kanpur
Red Lane , Farsley , Pudsey , Leeds
186 Charnwood Road , Shepshed
220 Fruitdale Road , Sheldon , AR, 57564
494 Carling Way , Cold Spring , AL, 72029
525 Randolph Lsd Dr . , Rogersville , Nebraska , NE, 17724
The Orchard Public House 112 Cherry Orchard Road Croydon CR0 6BA
6 , GRANGE CRESCENT , SUNDERLAND
75 Dominguez Avenue , Umapine , Hawaii, 31828
155 Amey Street , Mertens , Pennsylvania , PA, 68258
958 7Th Street , Mount Pleasant , NY, 35222
97 Vintage Place , Crescent Springs , DE, 53689
475 Hillsboro Avenue , Burke , MT, 85694
571 Hawthorne Street , Laredo Ranchettes , Minnesota, 38878
654 Rio Av . , Patterson Heights , UT, 51328
897 Outrigger Mall , South Lima , MT, 82749
35 Cananea Drive , Winter Gardens , South Dakota, 25385
654 Holmes Lane , South Gate Ridge , Texas , TX, 01071
893 Catenia Place , Okarche , Louisiana , LA, 81334
785 Mountair Avenue , Portland , TN, 53810
13 St Johns Street , Bedford
417 / 1 , 2 , 100 Feet Road , Koramangala 4th Block , Bangalore
7 Sheep Market , Stamford , Lincolnshire
64 Corfu Lane , Cliffside , OK, 67066
42 Highgate , Bradford
208 Texhoma Avenue , Batavia , Kansas , KS, 00229
886 Pacoima Court , Kansas City , ID, 99646
158 , Vignana Nagara Main Road , Kaggadasapura , Bangalore
158 Sevenhills Drive , Black Diamond , DC, 84591
436 Banbury Place , Stella , TX, 26738
29 Borough Road , Burton Upon Trent
741 Avenue Av . , Morrisdale , AZ, 88110
263 Gulana Avenue , Bejou , Washington , WA, 74039
54 - 58 Middle Hillgate , Stockport
478 Gravois Avenue , Palm Harbor , New Jersey, 20912
9 Langmuir Avenue , Morton , MS, 77457
448 Carolina St . , Madison Park , Arizona , AZ, 70799
407 Avenue 40 , Dresser , TN, 77250
516 Windward St . , Belwood , Nebraska , NE, 57323
58 Skyewiay Road , Fort Walton Beach , HI, 69683
57 Lidget Hill , Pudsey
904 Stonehaven Way , Farmland , ME, 42169
A - 31 , Vishnu Garden , Khyala Road , Tilak Nagar , New Delhi
403 Firenze Dr . , Vandling , Arkansas , AR, 74340
72 / A , 3rd Floor , Bangalore 15th Cross Road 100 Feet Ring Road , JP Nagar , Bangalore
16 - 18 Mount Pleasant , LIVERPOOL , Merseyside
594 Damask Avenue , Mayer , Mississippi , MS, 41202
1st Floor , HS 25 , Kailash Colony Market , Kailash Colony , New Delhi
145 Parker Street , Otterville , ME, 61802
557 Newhome St . , Tuscumbia , NH, 23829
212 High Street , Harborne , Birmingham
770 Bulwer St . , Joplin , MS, 27936
502 Dylan Street , Tinley Park , South Dakota , SD, 24568
85 Abbeygreen , Lesmahagow , Lanark
83 Kedzie Blvd Av . , Shackle Island , IA, 97157
4 , S . R . T Alphines Luxurious Hotel , Narayana Hrudayalaya Hospital Road , Kithaganahali , Bommasandra , Electronic City , Bangalore
5 - B / F , Scheme 74C , Vijay Nagar , Indore
The Arcade , 67 - 69 High Street , Nailsea , Bristol
200 Edson Road , Windham , VT , 05359
77 Los Feliz Park , La Feria , Georgia, 92385
251 Cabrito Dr . , Bryant , Texas, 26003
740 Coulson Rd . , Ames , California , CA, 97747
Plot 8 , Laxmi Garden , Opposite Metro Pillar 337 , Kirti Nagar , New Delhi
715 Sumac Avenue , Craig Beach , Georgia , GA, 50873
22920 Centerpoint Dr . , Moreno Valley , California , 92553
590 Monte Vista Dr . , Monticello , Kentucky, 46200
137 Olympic Country Club Avenue , Lake Mary , IN, 71734
211 Balboa Avenue , Inverness , WI, 13989
Highertown , Truro , Cornwall
240 Innsdale Dr . , Livingston , Minnesota, 20162
Crondall Road , Crookham Village , Fleet , Hampshire
Winforton , Hereford
221 Luna Dr . , Rinard , Wyoming, 95508
699 Sunset Avenue , Gretna , MN, 49064
760 Calle Del Cielo , Soquel , Colorado, 08783
275 Sayre Street , Vevay , WY, 07523
776 Saint Pierre Road , Eagle Harbor , Minnesota , MN, 56523
236 Burton Road , Manchester
514 Parker Street , Myrtletown , Colorado, 78465
299 Vista Pacifica , Manorhaven , Alaska, 02860
A - 60 , Kailash Colony , New Delhi
17 Avenue 54 , Cushman , Washington, 63604
A / 1 , Dodda Banaswadi Main Road , Vijaya Bank Colony Extension , Annaiah Reddy Layout , Banaswadi , Bangalore
111 / 4 , GMR Abby Towers , Opposite Marthas Church , SGR Dental College Road , Mennenkolala , Marathahalli , Bangalore
161 East Bay St . , Charleston , South Carolina , 29401
987 Bambi Place , Wakarusa , Arkansas, 46778
928 Fort Funston Lane , Bloomfield , Texas, 69321
558 Mcclellan St . , Parkersburg , Vermont , VT, 31196
852 Don Alberto Place , Fargo , New Mexico, 04644
Frescia Retail Store , Sompura Gate , Sarjapur Road , Bangalore
Yates , 407 - 411 Promenade , Blackpool
288 Ivar Avenue , Sharpsburg , Washington, 08942
955 Farlin Drive , Atlas , South Carolina, 59927
246 Tavener Drive , Capulin , Connecticut , CT, 24781
Unit 10 , Queensville Retail Park , Silkmore Lane , Stafford
The Elms , 66 Broadwater Street East , Worthing , West Sussex
The Green Man , Hinton Road , Hurst
1 / A , 3rd Main , 7th Cross , Kattebalag , Narasimharaja Colony , Basavanagudi , Bangalore
12 Harnett Street , Wainiha , Colorado , CO, 82254
3rd Cross Road , Next to Canara Bank Phase 1 , Electronic City , Bangalore
Church Road , Ramsden Heath , Billericay , Essex
17th Cross Road , Malleshwaram , Bangalore
Brockhampton , Hereford
K - 107 / B , Ground Floor , Kalkaji , New Delhi
915 Nordica Drive , Summit , Colorado, 02535
6 , Abbiah Layout , KC Halli Main Road , Vijaya Bank Layout , Bannerghatta Road , Bangalore
1260 SY 35 / 4 SJR Tower ' s , JP Nagar 7th Phase , 24th Main Puttanhalli , JP Nagar , Bangalore
334 Mt Pleasant Road , DeSoto , Montana, 77507
348 Xr Road , Green Isle , Colorado, 01695
946 San Pablo Rd . , Independence , District of Columbia, 73542
17 Victoria Road , Peterhead , Aberdeenshire
389 Kismet Road , Barker Ten Mile , MD, 01023
699 Glamor Trail , Palmarejo , IA, 70743
Heol Adam , Gelligaer , Hengoed
765 Ponca Avenue , Warrenton , IN, 90694
Holcombe Rogus Devon
81 Via San Road , Lake Don Pedro , Kentucky, 07566
457 South Drive , Fabrica , Wyoming , WY, 03241
527 Dawn Dr . , Economy , Georgia, 37804
534 Paul Av . , Bangor , WA, 30921
153 Mercer Street , Randolph , KS, 22134
1338 , D Block , AECS Layout , Opposite Water Tank Ground , Brookefield , Bangalore
631 Marne St . , Chelsea , Missouri, 77451
150 Ashmore Place , Rustburg , Virginia, 89807
234 Orange Grove Road , Leisure Village , North Carolina , NC, 88461
270 R Street , Covington , North Dakota , ND, 50207
228 Broad Street , West Middletown , West Virginia, 24941
Kingsley Street , Lincoln
C - II - 205 , New Ashok Nagar , Vasundhara Enclave , New Delhi
99 High Street , Penge , London
666 Dunstan Road , Pflugerville , Texas , TX, 51980
59 The Mall , Starr , Mississippi , MS, 45789
296 West Adams Gardens , North San Ysidro , California, 68453
1 Normanby Road , Scunthorpe , North Lincolnshire
1 - 5 Albert Street , Dundee
49 , Ground Floor , NWA , Club Road , West Punjabi Bagh , Punjabi Bagh , New Delhi
Belle Vue PH , Gordon Road , High Wycombe , Bucks
229 , NTI Layout , Rajiiv Gandhi Nagar , Opposite NCBS Gate , Sahakara Nagar , Bangalore
Lewes Road , Danehill , East Sussex
405 The Kinney Plaza , Fort Washington , Arizona, 19927
36 High Street , Syston
Bewsey Old Hall , Bewsey Farm Close , Warrington
319 Scotland Street , Granite City , New Mexico , NM, 25764
Upper Street , Stratford St Mary , COLCHESTER , Essex
172 , Siri Skylights Building , 9th Main , Sector 7 , se HSR , Bangalore
525 Hauser Boulevard , Dryden , DC, 74468
51 - 53 Brunswick Street East , Hove
265 Newdale Drive , Grenelefe , NH, 70806
182 Beatrice Street , Kiowa , GA, 87137
408 Campana Road , Princeton , Kentucky , KY, 08390
991 Goleta Street , Jefferson Hills , South Dakota, 06981
525 Otto Lane , Kopperston , Rhode Island , RI, 86307
503 Museum Dr . , Lexington Hills , Michigan, 31049
1100 Stewart Ave . , Garden City , New York , 11530
568 Montrose Street , Westport , New Hampshire, 90882
526 Sherman Canal , Massapequa Park , Oklahoma, 19016
7 Simnel Street , Southampton , Hampshire
662 Hollywood Way , Eastport , Delaware, 92279
505 / 74 , 24th B Main Road , 6th Cross , Mariswamy Layout Agara HSR 1st sector , Bengaluru
Alaknanda Shopping Complex , Near Gangotri Complex Part B , Alaknanda , New Delhi
3 / 3 , Near Balson Crossing , Hashimpur Road , Tagore Town , Allahabad
311 West Icon Circle , Culbertson , Virginia , VA, 18706
558 Calle De Avenue , Ellisville , NH, 80376
C D Block , LSC , Aggarwal Chambers , Pitampura , New Delhi
26 Victoria Street , Grimsby
The Bull Public House , 152 Laleham Road , Shepperton
974 Noel Place , Ostrander , LA, 37543
Shireoaks Road , Shireoaks , Nottinghamshire
39 Churchgate Way , Terrington St Clement , King ' s Lynn
2708 Mabel Street , Berkeley , CA , 94702
Clubhouse Royal And Ancient Golf Club Golf Place St Andrews Fife
997 Carnavon Av . , Yates City , Indiana, 03098
832 Summit Rd . , Brooksburg , UT, 64938
920 Cadman Drive , Terrace Park , South Carolina, 12279
25 King Street , Derby
1761 Thousand Oaks Boulevard , Berkeley , CA , 94707
292 41st Avenue , Carthage , West Virginia , WV, 99895
314 Avenel Dr . , Traskwood , TX, 27460
365 Aqua Pura Av . , Okolona , Colorado, 56230
3436 Lexington Road , Montgomery , AL , 36111
571 Don Tomaso Drive , Bevington , Arkansas , AR, 08969
169 Larrabee Dr . , Cedar Valley , Nevada, 49234
Dudley Golf Club , Turners Hill , Rowley Regis
488 Broxton Avenue , Woodland , Florida , FL, 64415
918 Juniette Street , Point of Rocks , South Dakota, 59477
951 Longridge Estates Drive , Townsend , California, 30159
668 Dimmick Drive , Geneva , Virginia, 74049
52 Altair Lane , Tipton , Pennsylvania , PA, 26394
45 Ings Lane , Guiseley , Leeds
761 El Portal Road , Sterling City , MD, 84173
1245 London Road , Glasgow
7 The Strand , Walmer , Kent
549 Blades Street , Wheatland , Florida, 12199
Bawtry Road , Bramley , Rotherham
N 3 , Level 2 , N Block Market , Greater Kailash ( GK ) 1 , New Delhi
Royal Vauxhall Tavern Public House , 372 Kennington Lane , London
229 Almar Plaza , Collyer , Vermont, 67927
879 Kennedy Washington Bl St . , Highlands , Montana, 80299
112 Ellenda Avenue , San Antonio , Nevada, 92033
55 Lee Lane , Horwich , Bolton
Black Dog Public House , 23 London Road , Oadby , Leicestershire
29 Highfields Road , Chasetown
836 , 1st Floor , Rajpalya , Mahadevpura , Near Bharat Petrol Pump , Basavanna Nagar , Whitefield , Bangalore
57 , Kadirenahalli Road , Banashankari , Bangalore
High Street , Oxshott , Leatherhead
881 Birchton Avenue , Graham , Illinois, 11456
493 Casitas St . , Falls City , Nevada , NV, 00043
224a Shaftesbury Avenue
850 Cottage Home Street , Chaska , LA, 88895
174 Avocado Street , Little Rock , Wyoming, 31678
43 Adina Drive , Seminole Manor , MN, 38440
595 Mesmer Avenue , Cheat Lake , Oklahoma, 68133
749 Villanova Avenue , West Richland , ND, 70240
1 , Vinod Reddy Complex , Whitefield Road , Marathahalli Extension , Marathahalli , Bangalore
442 Maude Avenue , Malvern , Iowa , IA, 59904
131 Fink Street , Southport , Arkansas , AR, 38457
388 Arthur Reese Court , Centerville , NJ, 41615
407 Lake View Terrace Avenue , Garrett , Mississippi , MS, 18401
19 Lovett Place , Mechanicville , MD, 14324
Admiral Hood , Main Road , Mosterton , Dorset
762 Elisa Place , Portland , Mississippi, 43731
519 Plumtree Lane , Brookfield , Indiana, 42402
Salop Street , Bishops Castle , Shropshire
22 Nelson Street , Stroud , Gloucestershire
161 Costello Avenue , Jamesville , CT, 44803
225 Arroyo Vista Av . , Manassas , TN, 86798
White Sheet Lane , Kilmington , Warminster , Wiltshire
904 Mar Vista Avenue , Texarkana , District of Columbia , DC, 54702
873 Alana Drive , Miesville , UT, 47109
584 Lisette Street , Rehoboth Beach , OK, 42476
47 Fox Lane , Arcadia , North Carolina, 15662
337 Saran St . , Farmingdale , Minnesota, 94193
29 Greek Street , London
18 Taylor Street , Dundee
8A , AD Complex , Mount Road , Mohan Nagar , Nagpur
14 - 15 , Boulmer , Northumberland
Waterrow , Taunton , Somerset
117 / 1 , Shop 3 , Sudarshan Road , Gautam Nagar , Hauz Khas , New Delhi
53 / A , Green Garden Layout , Sai Baba Temple Road , Kundhanahalli Gate , Marathahalli
G 8 , Aggarwal Tower , LSC 2 , Patparganj , IP Extension , New Delhi
561 Carla Lane , Altha , Montana , MT, 97726
956 Dan Ryan 39th Lane , Silver Lake , Michigan , MI, 63066
578 Lenox Drive , Kohls Ranch , North Dakota , ND, 55272
234 High Street , Tunstall , Stoke - On - Trent
Rimpton Hill , Rimpton , Yeovil , Somerset
733 Ponce Avenue , Newberg , Ohio , OH, 58627
Kelmarsh Road , Arthingworth , Northamptonshire
819 Correa Way , Walnut , Mississippi, 43839
434 Summit Vue Street , Holly Hill , OR, 08198
2 Tontine Street , Folkestone , Kent
502 Fullbright Avenue , Yorkshire , NE, 74657
30 West Bridgend , Dumbarton
928 Leclaire Street , Kosciusko , Tennessee , TN, 10434
932 Stanley Hills Street , Pleasant Plains , North Carolina, 85151
2 The Square , Mintlaw , Aberdeenshire
655 Shell Avenue , Ligonier , DC, 06620
800 Sequoia Dr . , Blue Ash , IL, 02075
12 - 13 Queensbury Station Parade , Edgware
728 La Due Way , Beverly Hills , IN, 70785
433 Avenida De Cortez , Henderson , Maine , ME, 01278
251 Delrosa Drive , Centerville , District of Columbia, 97366
343 Paxton St . , Kittredge , Maryland, 68088
31 Victoria Street , Cleckheaton
Venue 5 , 446 Field End Road , Ruislip
133 Back Bay Drive , Crayne , Vermont , VT, 47675
725 Macondray Rd . , Lakewood Park , North Carolina , NC, 14547
258 Ford Av . , Prunedale , Wisconsin, 11345
7 Station Approach , Cleethorpes
444 Lesner Av . , Alpine , Montana, 18361
Main Road , Little Glemham , Suffolk
57 - 59 Bell Street , HENLEY - ON - THAMES , Oxon
Narayan Reddy Layout , 1st Cross , Electronic City Phase 2 , Bangalore
95 Claiborne Street , Nashville , TN , 37210
742 Shoshone Avenue , Mount Wilson , KY, 13149
612 Mulholland Terrace , Susitna , NV, 12531
457 Los Altos Lane , Roscoe , NE, 93537
198 , Opposite Holy Child School Gate 2 , Shivaji Market , Tagore Garden Extension , Tagore Garden , New Delhi
44 Mobile Avenue , Andalusia , MI, 54673
21 High Street , Edgware
60 - 62 Prince Of Wales Road , Norwich
503 Jeffrey Mark Court , Seville , South Carolina , SC, 37069
108 Bomer Av . , Alva , KS, 95516
252 La Paz Avenue , Rupert , MA, 07531
27 , Benedict Street , Glastonbury
197 Woodview Lane , Speedway , Missouri , MO, 66904
Crown And Anchor , Ham , Marlborough , Wiltshire
831 21st Street Northeast , Washington , DC , 20002
31 / 1 , 20th Main Road , BVR Plaza , 8th cross , 1st N Block , Rajajinagar , Bangalore
281 Leavitt Road , Alzada , LA, 70433
301 Coronel Street , Rosamond , IA, 32948
925 Grenoble Street , Bazile Mills , KS, 78574
416 Percy Av . , Pollard , Utah, 64984
3420 Horseshoe Circle , Montgomery , AL , 36116
625 Le Moyne Av . , Clemmons , Michigan, 79425
Heneage Arms , Louth Road , Hainton Market Rasen
910 Craggy View Street , Telluride , New Mexico , NM, 26836
Bolton Brow , Sowerby Bridge
100 , Near Village Super Market , Wheeler Road Extention , Cooke Town , Frazer Town , Bangalore
215 Davenport Rd . , Screven , Rhode Island, 15216
483 Carmar St . , Snellville , New Jersey, 73227
662 Fryman Road , Varna , Alabama , AL, 31609
First And Last , Dove Street , Lowestoft , Suffolk
892 Irvine Avenue , Exton , Florida , FL, 42154
The Whittle Way , Central Square , Stanground , Peterborough
Best Of Bengal
135 Perugia Way , Scranton , Tennessee , TN, 40925
Shop no . LG - 5 , Spendid Plaza , 5th A Block , 100 Feet Road , Koramangala 5th Block , Bangalore
111 Eisenhower Central Lane , Tappan , Louisiana, 75443
50 Center Rd . , Durand , Maine , ME, 45506
52 Ruth Avenue , Frost , LA, 58521
10 , 4th Main Road , Laxminarayana Layout , Munnkola , Marathahalli , Bangalore
55 Laura Road , Brices Creek , Illinois, 93887
33 New Road , Llandeilo , Carmarthenshire
179 Marquez St . , Florence , Oklahoma , OK, 02575
59 Southdown Road , Harpenden , Hertfordshire
Maltsters Arms , 75 Merthyr Road , Whitchurch , Cardiff ,
Masonic Hall , Bridges Walk , Thetford , Norfolk
Audley Range Working Mens Club , Audley Range , Blackburn
965 Bobstone Drive , Davis , Nebraska , NE, 28073
839 Village Street , Jennings Lodge , Alaska , AK, 41619
49 Station Road , Chertsey
85 Carondelet Street , Jenkinsburg , Pennsylvania , PA, 63652
571 Honduras Rd . , Florida , Iowa, 77257
634 Pacheco Drive , Craig , Montana , MT, 72833
122 Mcclintock Rd . , Cottonwood , NY, 27706
Dane Bank Hotel , Windmill Lane , Denton , Tameside
802 Park Manor Avenue , Ezel , Montana, 23918
709 Market Street , Camden , AR, 77818
Main Road , Near Iyyanar Koil Kullapalyam , Auroville , Puducherry
Lavenham Road , Brent Eleigh , SUDBURY , Suffolk
707 Anaheim Street , Medina , Oklahoma , OK, 67085
584 Eagle Street , Highfield-Cascade , Maryland , MD, 91412
109 Stoke Newington Road , Hackney , London
757 Grover Rd . , Paoli , Minnesota, 84920
295 12Th Helena Drive , Gypsum , New Jersey, 73730
123 Horninglow Road North , Burton Upon Trent
641 Marquez Avenue , Monaville , Montana , MT, 96098
The Pint Pot , 50 Tower Road , Sutton Four Oaks , Birmingham
Shop 70 , Old Rajinder Nagar Market , Rajinder Nagar , New Delhi
99 Lanark Road , Crossford , Carluke , Lanarkshire
172 Eden Rd . , Lakeside , TN, 49510
492 Lind Rd . , Pine Haven , Louisiana, 83335
415 Lullwater Drive , Panama City Beach , FL , 32413
270 Rosehill Rd . , Toro Canyon , North Dakota, 50062
18 / 1 , First Floor , HMR Complex , Above " Phulke Ghar Me " , Bellandur Cross Road , Bellandur , Bangalore , India
712 Austin Jfk Lane , Latham , Maine, 64366
664 Drake Road , Bay View Gardens , South Carolina , SC, 77053
52 Tranquil Vale , Blackheath , London
232 - 234 King Street , Castle Douglas
75 Florence Road , Omro , WI, 52898
Chemistry Lane , Pentre , Flintshire
729 Sierra Ranch View Road , Blanchester , IA, 46254
Easton Lane , Easton , Winchester , Hampshire
42 / 95 , Near BJP Office , 1st Temple Street , 11th Cross , Malleshwaram , Bengaluru
797 Ruth Drive , Crosspointe , Connecticut, 06477
23 / 2 , Vittal Mallya Road , Opposite UB City , Lavelle Road , Bangalore
581 Avenida De Cortez , Pontiac , MN, 98326
Shop 13 - 14 , DDA Market , J Block , Keshav Marg , Rajouri Garden , New Delhi
691 , Service Road , Next To Masjid - e - Yousuff , Hennur Signal Service Road , HBR Layout , Bangalore
453 Wolf Street , Girdletree , SC, 35481
454 Gladstone Lane , Cobalt , Nevada , NV, 83094
633 Marquand Dr . , Trainer , Virginia , VA, 85951
754 Asuncion Av . , Adairsville , DC, 72302
136 Acacia Drive , Blue Lake , CA , 95525
Gurudwara Road , Mahavir Enclave , Palam , New Delhi
988 Lindblade Place , Rosser , Georgia, 76301
5 - 9 The Quay , Exeter , Devon
272 Candia Av . , Como , KY, 92041
477 Iverson Road , Timber Cove , Mississippi, 56608
44 , Nehru Road , Near Riti Jewellery , Kammanahalli , Bangalore
260 Hague Lane , Roseville , AK, 90006
Hollywood Lane , Hollywood , Birmingham , Worcestershire
799 Wilshire Vista Lane , Hillsboro , AR, 67949
The Wheatsheaf Inn , 46 Heath Road , Upton , Chester
851 Leach Dr . , Wakefield , KY, 11541
885 Vermont Avenue , Lemmon Valley , Vermont , VT, 21509
436 Canyon Ridge Lane , Beaver Creek , South Dakota, 01075
685 Brompton Road , Columbiana , Texas , TX, 52979
Schofield Road , Loughborough
455 Whistler Way , Wappingers Falls , Maryland , MD, 72098
685 Short Street , Pennwyn , TX, 14550
Marsham Arms , Holt Road , Hevingham
Lengs Snooker Club , 28 - 29 North Terrace , Seaham
797 Begonia Avenue , Cyril , KS, 34008
712 Dona Lola Place , Morrill , Oklahoma , OK, 92056
A Block , Near Main Red Light Chowk , Opposite Vishal Mega Mart , Mahipalpur , New Delhi
1 High Street , Idle , Bradford
32 Hamlin Av . , Cleo Springs , Louisiana , LA, 59295
37 Lara Street , Wilkinson , New Hampshire , NH, 41998
Sports Hall , Watton Road , Hingham , Norfolk
540 Chilton Dr . , Tripoli , FL, 70941
11 Market Place , Malton , North Yorkshire
25 Alexander Street , Rock Hill , Oregon , OR, 69559
26 Pomona Street , Dayton , West Virginia , WV, 87256
945 Don Zarembo Rd . , Pine Mountain Club , MI, 16081
412 , Seventh Cross , Domlur , Bangalore
784 Henke Drive , Unionville , Alaska , AK, 34270
403 Etta Street , Velarde , Nebraska, 79600
677 Benedict Canyon Lane , Hutchinson Island South , Washington , WA, 43889
6 Prismo Drive , Oak Grove Village , KS, 28272
155 Gauguin Lane , Frazier Park , North Carolina, 23599
18 , 19 , 20 , Ground Floor , Westgate Mall , Dr Rajkumar Road , 4M Block , Rajajinagar , Bangalore
Masjid Moth , Lila Ram Market , South Extension 2 , New Delhi
1 Falcons View , Oldham , Oldham
994 Bloom Av . , Westfield Center , PA, 30921
825 Benecia Avenue , Cheraw , Wisconsin , WI, 65224
14 Newport Square , Launceston , Cornwall
30 Renfrew Street , Glasgow
148 Dunblane Avenue , Dover , Wyoming, 49806
224 Palace Rd . , Henderson , Washington, 90310
609 Innsdale Rd . , Bonner-West Riverside , Wyoming, 85518
8 / 20 , Sahi Hospital Road , Jangpura Extension , Jangpura , New Delhi
Greenhill Parade , Great North Road , Barnet
467 Bach Place , Winigan , PA, 42184
433 / 3 / 1 , 4th Floor , 28th Cross , 10th Main , 4th Block , Jayanagar , Bangalore
Kitcheners Field , Castle Hill , Berkhamsted
458 , 4th Block , 8th Main , 60 Feet Road , Koramangala 4th Block , Bangalore
911 Charles Street , Beaver , Indiana, 81940
124 High Street , Oxford , Oxfordshire
Hazelwell Club St Florence Parade , Tenby , Pembrokeshire
397 Windsor Rd . , Crescent , IL, 86070
8 Marine Court , Marina , St Leonards - on - sea , East Sussex
7187 Holland Court , Arvada , CO , 80005
88 Lower Clapton Road , London
350 Sunset Crest Place , Morrow , Arizona, 40643
619 Forest Hills Road , Middle Frisco , Mississippi, 26500
Gangapur Road , Navasha Ganpati , Sector C , Near Union Bank , Anand Wali Goan , Nashik
928 Buckeye Meadow Lane , Valinda , ID, 51028
The Star , Crawley Road , Horsham , West Sussex
Opposite Wipro Gate 12 , Electronic City , Bangalore
Shop A - 94 6 / 2 , 24Th Main , 2nd Phase , JP Nagar , Bangalore
716 Baldwin Villa Av . , Newdale , Connecticut , CT, 33043
880 Center Drive Dr . , Lloyd Harbor , CA, 13798
38 , CSC Market 2 , Chittaranjan Park , New Delhi
269 Ipswich Av . , Icard , Virginia, 58223
1512 , Clock Tower , Near , Kamla Nagar , New Delhi
St Giles Hotel , Bedford Avenue
636 Los Grandes Street , Vandalia , North Carolina, 10888
10 , Town Park , Sector 12 , Faridabad
Queens Head , London Road , Holybourne , Alton , GU344EG
139 Cranleigh Road , Bournemouth
171 Randolph Road , Navassa , VA, 59274
330 Mulholland Way , Redbird Smith , AK, 81217
541 Coyne Street , Lisbon , Rhode Island, 73916
79 Norwich Road , Costessey , Norfolk
65 Lowry Road , Falmouth , MA , 02540
857 Helmand Drive , Dresden , North Dakota, 11487
Embassy Social Club Rear Of , 8 Rother Street , Stratford - upon - Avon
Shop 3 , B Block , Khasra 24 , Opposite Anupam Appartments , IGNOU Road , Sainik Farms , New Delhi
1st Floor , Adityam Building , Borthakur Mall Road , Ulubari , Guwahati
17 59Th Street , St . Joseph , Washington , WA, 33317
364 Eagle Ridge Way , San Mateo , Minnesota, 58811
4th Cross , 10th Main , Indiranagar 1st Stage , Bangalore , Indiranagar , Bangalore
3157 , 2nd Block , Near Petrol Pump , HBR Layout
Wakefield Road , Horbury , Wakefield
10 Terry A Francois Av . , Middletown , Montana , MT, 35915
626 Wilmington Avenue , Ripon , Kentucky, 38721
64 Church Street , Hardwick , MA , 01031
720 Medlow Avenue , Gypsum , VT, 47530
Rockcliffe Way , Eighton Banks , Gateshead
993 63Rd Street , Kittrell , Maine, 95377
46 Sugarloaf Hill Road , Warren , VT , 05674
166 Above Bar Street , Southampton
545 58Th Street , Fort Bragg , Rhode Island , RI, 51650
616 62Nd Place , Lazy Y U , California , CA, 43465
4 North Street , Heavitree , Exeter , Devon
243 Coronado , Hauula , MD, 25835
9 A , Food Court , 3rd Floor , MGF Metropolitan Mall , MG Road , Gurgaon
391 Deervale Drive , Little Elm , DC, 36811
5 Westlund Avenue , Auburn , MA , 01501
198 Neva Lane , East Sandwich , MO, 54705
196 / 7 Northgate St , Great Yarmouth , Norfolk
465 Park Privado , Henrietta , South Dakota, 35932
817 Revello Drive , Otisville , WA, 37921
523 Spielberg Drive , Vernon , AK, 80794
867 Channel Pointe Avenue , Rouseville , Mississippi , MS, 85555
822 Rising Glen Road , Donora , Alabama , AL, 05831
Above Murali Poly Clinic , Oil Mill Road , Arvind Nagar , Kammanahalli , Bangalore
35 Crestknoll Drive , Emington , Michigan, 42923
Hillingdon Canal Club , Waterloo Road , Uxbridge
525 Ellsworth Road , Schertz , Ohio , OH, 98759
8 , 17th Cross , 15th Main Road , Nanjundeswara Layout , J P Nagar Phase 5 , JP Nagar , Bangalore
89 Latham Street , North Tustin , Indiana , IN, 95881
Shop 607 , 17th Main Road , Koramangala 6th Block , Bangalore
34 Crothers Court , Lincoln Center , Kentucky, 82380
992 Desmond Street , Blaine , IA, 52020
37 Bayley Lane , Coventry
Murcar , Bridge Of Don , Aberdeen
518 Dockweiler Street , Madison Heights , South Dakota , SD, 48445
22 Dundyvan Road , Coatbridge , Lanarkshire
Missouri , MO
440 New Hythe Lane , Larkfield , Aylesford , Kent
4 St Johns Street , Stamford , Lincolnshire
466 Doss St . , Brocton , MN, 34957
Pontefract Road , Castleford
123 Farquhar Lane , Little Falls , Oklahoma , OK, 54182
West End Bowling Club , Gray Street , Perth
280 Princeton Lane , Sandy Springs , Georgia , GA, 94356
Chester Road , Daresbury , Runcorn , Cheshire
418 Millbrook Drive , Marina , NE, 49225
766 9Th Place , Adelanto , HI, 76220
G - 24 , 1st Floor , South Extension 1 , New Delhi
545 Charmel Place , Sanford , SD, 51938
411 Nantucket Avenue , Portland , Michigan , MI, 20122
7071 Senators Drive , Montgomery , AL , 36117
527 39th Lane , Wood River , Connecticut , CT, 97497
Plot 131 , Phase 1 , Udyog Vihar , Gurgaon
342 Lake Manor Drive , Nashville , Alaska, 13170
403 Clifford Road , Saranap , Arkansas, 09881
H - 8 B , Near GTB Nagar Metro Station , Opposite Hudson Lane ' s NDPL Office , Vijay Nagar , New Delhi
454 Gateshead Avenue , Dundee , Minnesota, 91720
15509 East 7th Circle , Aurora , CO , 80011
119 Wellbeck Lodge , College Road , Crosby , Merseyside
765 Prestwick Drive , Bedford Hills , OH, 69795
Bramfield Road , Hertford , Hertfordshire
754 Caledonia St . , Union , MO, 33714
85 Harding Court , Tallmadge , Iowa, 05676
The Crown Public House , 9 The Street , Upchurch , Kent
953 Don Diego Lane , Winter Park , NY, 37197
728 Paseo De La Risa , Cameron , NM, 81783
813 Miller Road , Liscomb , Arizona, 36322
5150 West Eugie Avenue , Glendale , AZ , 85304
Sandleas Way , Manston , Leeds
76 / 1 , Service Road , Opposite To Manpho Expo Ac Post , Nagawara , Bangalore
MM Road , Pulikeshi Nagar , Frazer Town , Bangalore
Barby Sporting Club , Barby Lane , Barby , Northamptonshire
Hempstead Lane , Potten End , Berkhamsted
426 Fluffy Duckling Dr . , Whitesboro , Hawaii, 11622
743 104th Av . , Claymont , WY, 69451
660 Benton St . , Victoria , AL, 33726
354 Baker Lane , Horseheads , Missouri , MO, 63500
655 Arvia Street , Danville , Tennessee, 31127
Sports Development Centre , Denmark Road , Manchester
716 Cochran Road , Geraldine , Hawaii , HI, 31148
Carr Lane , Slaithwaite , Huddersfield
582 Needles Street , Fruitridge Pocket , Montana, 20752
Thringstone Community Centre , 13 The Green , Thringstone , Coalville
99 Mann Dr . , Nash , NC, 91697
206 Laurelwood Drive , Whatley , Rhode Island, 84677
29 , Aakar Apartments , V S Raju Road , Kumara Park West , Seshadripuram , Bangalore
199 - 201 Westgate , Bradford
The Street , Denton , Kent
Greenstead Association Social Club , Blackthorn Avenue , Colchester
605 Capps Avenue , Heidelberg , Rhode Island , RI, 58666
The Red Lion Inn , Quarry Hill , Wilnecote , Tamworth
875 Boeing Place , Golden , WV, 77281
109 Rodeo Lane , Linganore , Alabama , AL, 12541
Shop 02 , Gangamma Circle , Kalathur Layout , Jalahalli , Bangalore
135 - 136 Kings Road , Brighton
437 Freelon Av . , Shrub Oak , Massachusetts, 54625